date,open,high,low,close,volume,dividends,stock_splits,capital_gains,kd_k,kd_d,bias_5,bias_10,bias_20
2026-04-14,10.0,10.0,10.0,10.0,0,0.0,0.0,0.0,50.0,50.0,0.0,0.0,0.0
2026-04-15,10.0,10.0,10.0,10.0,0,0.0,0.0,0.0,50.0,50.0,0.0,0.0,0.0
2026-04-16,10.0,10.0,10.0,10.0,0,0.0,0.0,0.0,50.0,50.0,0.0,0.0,0.0
2026-04-17,10.0,10.0,10.0,10.0,0,0.0,0.0,0.0,50.0,50.0,0.0,0.0,0.0
2026-04-20,9.989999771118164,9.989999771118164,9.989999771118164,9.989999771118164,0,0.0,0.0,0.0,50.0,50.0,-0.08,-0.08,-0.08
2026-04-21,9.989999771118164,9.989999771118164,9.989999771118164,9.989999771118164,0,0.0,0.0,0.0,50.0,50.0,-0.06,-0.07,-0.07
2026-04-22,10.100000381469728,10.100000381469728,10.100000381469728,10.100000381469728,0,0.0,0.0,0.0,50.0,50.0,0.84,0.88,0.88
2026-04-23,10.449999809265137,12.989999771118164,10.449999809265137,12.539999961853027,116519363,0.0,0.0,0.0,50.0,50.0,19.16,21.42,21.42
2026-04-24,10.300000190734863,11.329999923706056,10.15999984741211,10.890000343322754,169650125,0.0,0.0,0.0,43.33,47.78,1.76,4.81,4.81
2026-04-27,10.15999984741211,10.170000076293944,10.050000190734863,10.050000190734863,218431110,0.0,0.0,0.0,29.56,41.7,-6.2,-2.95,-2.95
2026-04-28,10.050000190734863,10.0600004196167,10.010000228881836,10.010000228881836,59046715,0.0,0.0,0.0,19.93,34.44,-6.61,-3.35,-3.05
2026-04-29,9.899999618530272,9.90999984741211,9.84000015258789,9.890000343322754,81997134,0.0,0.0,0.0,13.81,27.57,-7.36,-4.41,-3.87
2026-04-30,9.970000267028809,10.010000228881836,9.9399995803833,9.9399995803833,55117600,0.0,0.0,0.0,10.27,21.8,-2.13,-3.87,-3.13
2026-05-04,10.130000114440918,10.15999984741211,10.079999923706056,10.100000381469728,42615640,0.0,0.0,0.0,9.6,17.73,1.02,-2.42,-1.46
2026-05-05,10.130000114440918,10.149999618530272,10.119999885559082,10.149999618530272,23401639,0.0,0.0,0.0,9.68,15.05,1.32,-2.08,-0.91
2026-05-06,10.260000228881836,10.380000114440918,10.260000228881836,10.380000114440918,35321443,0.0,0.0,0.0,12.17,14.09,2.85,-0.24,1.25
2026-05-07,10.4399995803833,10.4399995803833,10.3100004196167,10.329999923706056,36587632,0.0,0.0,0.0,19.07,15.75,1.47,-0.94,0.72
2026-05-08,10.149999618530272,10.149999618530272,10.09000015258789,10.119999885559082,39659404,0.0,0.0,0.0,28.27,19.92,-0.94,-0.65,-1.26
2026-05-11,10.15999984741211,10.1899995803833,10.100000381469728,10.109999656677246,28153895,0.0,0.0,0.0,33.85,24.56,-1.06,0.02,-1.28
2026-05-12,10.130000114440918,10.130000114440918,10.079999923706056,10.100000381469728,29240537,0.0,0.0,0.0,37.01,28.71,-1.06,-0.13,-1.31
2026-05-13,10.0600004196167,10.06999969482422,10.020000457763672,10.050000190734863,20385002,0.0,0.0,0.0,32.01,29.81,-0.91,-0.66,-1.83
2026-05-14,10.06999969482422,10.09000015258789,10.020000457763672,10.020000457763672,16119037,0.0,0.0,0.0,21.34,26.99,-0.6,-1.09,-2.13
2026-05-15,10.239999771118164,10.300000190734863,10.149999618530272,10.15999984741211,33379829,0.0,0.0,0.0,25.34,26.44,0.71,0.08,-0.84
2026-05-18,10.09000015258789,10.100000381469728,10.020000457763672,10.0600004196167,11645105,0.0,0.0,0.0,20.07,24.31,-0.18,-0.87,-1.84
2026-05-19,10.029999732971191,10.029999732971191,9.979999542236328,9.979999542236328,17950990,0.0,0.0,0.0,13.38,20.67,-0.74,-1.49,-2.62
2026-05-20,10.0,10.0,9.960000038146973,9.970000267028809,8787745,0.0,0.0,0.0,9.9,17.08,-0.68,-1.19,-2.71
2026-05-21,10.0600004196167,10.119999885559082,10.0600004196167,10.119999885559082,13713159,0.0,0.0,0.0,22.29,18.81,0.62,0.51,-1.25
2026-05-22,10.15999984741211,10.1899995803833,10.140000343322754,10.170000076293944,12771005,0.0,0.0,0.0,35.44,24.36,1.09,0.95,0.39
2026-05-25,10.289999961853027,10.3100004196167,10.239999771118164,10.260000228881836,24617790,0.0,0.0,0.0,52.2,33.64,1.58,1.69,1.6
2026-05-26,10.289999961853027,10.289999961853027,10.210000038146973,10.25,15353630,0.0,0.0,0.0,62.42,43.23,0.95,1.44,1.4
2026-05-27,10.3100004196167,10.329999923706056,10.270000457763672,10.279999732971191,16642078,0.0,0.0,0.0,70.44,52.3,0.63,1.51,1.56
2026-05-28,10.279999732971191,10.289999961853027,10.18000030517578,10.18000030517578,14678469,0.0,0.0,0.0,66.78,57.13,-0.47,0.36,0.43
2026-05-29,10.289999961853027,10.380000114440918,10.289999961853027,10.380000114440918,21684881,0.0,0.0,0.0,77.85,64.04,1.07,2.12,2.18
2026-06-01,10.619999885559082,10.81999969482422,10.619999885559082,10.789999961853027,34727630,0.0,0.0,0.0,84.07,70.72,3.99,5.39,5.86
2026-06-02,10.93000030517578,11.050000190734863,10.880000114440918,11.050000190734863,23849368,0.0,0.0,0.0,89.38,76.94,4.88,6.81,7.93
2026-06-03,11.4399995803833,11.68000030517578,11.4399995803833,11.550000190734863,48756741,0.0,0.0,0.0,90.11,81.33,7.04,9.97,12.17
2026-06-04,11.15999984741211,11.15999984741211,10.829999923706056,10.90999984741211,72359095,0.0,0.0,0.0,76.29,79.65,-0.24,3.1,5.66
2026-06-05,10.760000228881836,10.800000190734863,10.65999984741211,10.75,31044999,0.0,0.0,0.0,63.53,74.28,-2.36,1.03,3.79
2026-06-08,10.220000267028809,10.350000381469728,10.199999809265137,10.329999923706056,20395148,0.0,0.0,0.0,45.69,64.75,-5.39,-2.98,-0.37
2026-06-09,10.449999809265137,10.460000038146973,10.390000343322754,10.449999809265137,11716451,0.0,0.0,0.0,36.46,55.32,-3.22,-2.03,0.62
2026-06-10,10.359999656677246,10.359999656677246,10.1899995803833,10.199999809265137,23473699,0.0,0.0,0.0,24.53,45.05,-3.12,-4.31,-1.86
2026-06-11,9.970000267028809,10.039999961853027,9.960000038146973,10.029999732971191,22567852,0.0,0.0,0.0,17.71,35.94,-3.11,-5.77,-3.5
2026-06-12,10.279999732971191,10.279999732971191,10.119999885559082,10.15999984741211,9127384,0.0,0.0,0.0,15.68,29.19,-0.72,-4.35,-2.25
2026-06-15,10.239999771118164,10.260000228881836,10.220000267028809,10.260000228881836,11233688,0.0,0.0,0.0,16.27,24.88,0.39,-2.92,-1.38
2026-06-16,10.40999984741211,10.420000076293944,10.369999885559082,10.40999984741211,12075624,0.0,0.0,0.0,23.35,24.37,1.94,-0.9,-0.14
2026-06-17,10.329999923706056,10.329999923706056,10.279999732971191,10.31999969482422,7685351,0.0,0.0,0.0,29.85,26.2,0.82,-0.6,-1.17
2026-06-18,10.420000076293944,10.520000457763672,10.420000076293944,10.489999771118164,14939126,0.0,0.0,0.0,51.45,34.61,1.57,1.45,0.28
2026-06-22,10.630000114440918,10.699999809265137,10.600000381469728,10.640000343322754,14252500,0.0,0.0,0.0,64.93,44.72,2.07,3.01,1.48
2026-06-23,10.579999923706056,10.579999923706056,10.399999618530272,10.399999618530272,16665599,0.0,0.0,0.0,63.11,50.85,-0.5,0.62,-0.87
2026-06-24,10.289999961853027,10.34000015258789,10.279999732971191,10.34000015258789,9839812,0.0,0.0,0.0,59.19,53.63,-0.94,0.15,-1.49
2026-06-25,10.350000381469728,10.399999618530272,10.350000381469728,10.390000343322754,6576247,0.0,0.0,0.0,54.98,54.08,-0.59,0.44,-1.06
2026-06-26,10.350000381469728,10.350000381469728,10.119999885559082,10.140000343322754,14673902,0.0,0.0,0.0,37.8,48.65,-2.33,-2.08,-3.42
2026-06-29,10.140000343322754,10.18000030517578,10.119999885559082,10.149999618530272,7289303,0.0,0.0,0.0,26.92,41.41,-1.3,-1.97,-3.22
2026-06-30,10.199999809265137,10.300000190734863,10.199999809265137,10.289999961853027,6755650,0.0,0.0,0.0,27.72,36.85,0.27,-0.65,-1.65
2026-07-01,10.329999923706056,10.390000343322754,10.300000190734863,10.329999923706056,7407544,0.0,0.0,0.0,30.55,34.75,0.68,-0.18,-0.93
2026-07-02,10.15999984741211,10.18000030517578,10.130000114440918,10.170000076293944,6813192,0.0,0.0,0.0,23.24,30.91,-0.45,-1.59,-1.82
2026-07-03,10.039999961853027,10.100000381469728,10.029999732971191,10.100000381469728,8802670,0.0,0.0,0.0,19.74,27.19,-1.06,-1.89,-2.11
2026-07-06,10.100000381469728,10.100000381469728,10.050000190734863,10.079999923706056,8049511,0.0,0.0,0.0,17.66,24.01,-1.12,-1.55,-1.98
2026-07-07,10.15999984741211,10.15999984741211,10.050000190734863,10.050000190734863,8833504,0.0,0.0,0.0,13.58,20.53,-0.95,-1.51,-2.14
2026-07-08,10.0600004196167,10.100000381469728,10.0,10.0,5772082,0.0,0.0,0.0,9.05,16.71,-0.79,-1.67,-2.42
2026-07-09,10.130000114440918,10.199999809265137,10.130000114440918,10.15999984741211,6955463,0.0,0.0,0.0,19.71,17.71,0.81,0.13,-0.83
2026-07-10,10.15999984741211,10.15999984741211,10.15999984741211,10.15999984741211,0,0.0,0.0,0.0,26.81,20.74,0.69,0.11,-0.9
2026-07-13,10.220000267028809,10.260000228881836,10.15999984741211,10.15999984741211,6647656,0.0,0.0,0.0,31.55,24.35,0.53,0.1,-0.9
2026-07-14,10.050000190734863,10.119999885559082,10.0,10.09000015258789,7914242,0.0,0.0,0.0,32.57,27.09,-0.24,-0.39,-1.5
2026-07-15,10.140000343322754,10.18000030517578,10.109999656677246,10.170000076293944,5986804,0.0,0.0,0.0,43.51,32.56,0.22,0.55,-0.6
2026-07-16,10.119999885559082,10.119999885559082,10.029999732971191,10.06999969482422,2972157,0.0,0.0,0.0,37.98,34.37,-0.59,-0.34,-1.46
2026-07-17,9.850000381469728,9.869999885559082,9.720000267028809,9.739999771118164,20770801,0.0,0.0,0.0,26.56,31.76,-3.05,-3.26,-4.34
2026-07-20,9.800000190734863,9.859999656677246,9.800000190734863,9.81999969482422,5336429,0.0,0.0,0.0,23.88,29.13,-1.58,-2.21,-3.16
2026-07-21,9.890000343322754,9.960000038146973,9.869999885559082,9.9399995803833,2788999,0.0,0.0,0.0,29.5,29.26,-0.08,-0.91,-1.75
2026-07-22,10.06999969482422,10.079999923706056,9.989999771118164,10.010000228881836,4016592,0.0,0.0,0.0,37.57,32.03,0.95,-0.22,-0.9
2026-07-23,10.100000381469728,10.220000267028809,10.0600004196167,10.100000381469728,5643176,0.0,0.0,0.0,48.5,37.52,1.79,0.74,0.13
2026-07-24,10.0600004196167,10.06999969482422,10.010000228881836,10.039999961853027,5669569,0.0,0.0,0.0,53.67,42.9,0.58,0.26,-0.41
2026-07-27,10.020000457763672,10.0600004196167,9.989999771118164,10.050000190734863,3619950,0.0,0.0,0.0,57.78,47.86,0.22,0.47,-0.26
2026-07-28,9.9399995803833,9.9399995803833,9.81999969482422,9.829999923706056,5071656,0.0,0.0,0.0,45.85,47.19,-1.76,-1.47,-2.22
2026-07-29,9.829999923706056,9.829999923706056,9.649999618530272,9.6899995803833,7959630,0.0,0.0,0.0,32.91,42.43,-2.53,-2.41,-3.31
2026-07-30,9.600000381469728,9.649999618530272,9.550000190734863,9.56999969482422,4399019,0.0,0.0,0.0,22.93,35.93,-2.7,-3.13,-4.22
2026-07-31,9.960000038146973,10.029999732971191,9.960000038146973,10.020000457763672,6547165,0.0,0.0,0.0,38.67,36.84,1.91,1.14,0.33
2026-08-03,10.0,10.010000228881836,9.920000076293944,9.989999771118164,3057294,0.0,0.0,0.0,47.67,40.45,1.73,0.67,0.07
2026-08-04,10.050000190734863,10.140000343322754,10.050000190734863,10.109999656677246,6687488,0.0,0.0,0.0,59.64,46.85,2.37,1.7,1.24
2026-08-05,10.43000030517578,10.460000038146973,10.390000343322754,10.420000076293944,23423545,0.0,0.0,0.0,71.63,55.11,3.97,4.39,4.13
2026-08-06,10.289999961853027,10.3100004196167,10.25,10.300000190734863,3329013,0.0,0.0,0.0,75.23,61.81,1.3,2.98,2.86
2026-08-07,10.31999969482422,10.350000381469728,10.300000190734863,10.3100004196167,5119343,0.0,0.0,0.0,77.99,67.21,0.82,2.8,2.88
2026-08-10,10.369999885559082,10.43000030517578,10.369999885559082,10.40999984741211,9262127,0.0,0.0,0.0,83.49,72.64,0.97,3.43,3.75
2026-08-11,10.390000343322754,10.390000343322754,10.34000015258789,10.369999885559082,2747107,0.0,0.0,0.0,85.7,76.99,0.08,2.48,3.2
2026-08-12,10.369999885559082,10.399999618530272,10.359999656677246,10.369999885559082,4220723,0.0,0.0,0.0,84.91,79.63,0.17,1.8,3.1
2026-08-13,10.479999542236328,10.529999732971191,10.470000267028809,10.5,13556552,0.0,0.0,0.0,88.3,82.52,1.04,2.14,4.17
2026-08-14,10.550000190734863,10.56999969482422,10.5,10.5,8718044,0.0,0.0,0.0,87.71,84.25,0.67,1.67,3.78
2026-08-17,10.380000114440918,10.399999618530272,10.329999923706056,10.34000015258789,2798400,0.0,0.0,0.0,67.85,78.78,-0.73,-0.22,1.94
2026-08-18,10.31999969482422,10.31999969482422,10.199999809265137,10.210000038146973,3927063,0.0,0.0,0.0,46.13,67.9,-1.68,-1.57,0.52
2026-08-19,10.039999961853027,10.050000190734863,10.0,10.020000457763672,5070453,0.0,0.0,0.0,31.93,55.91,-2.85,-3.03,-1.35
2026-08-20,10.020000457763672,10.020000457763672,9.979999542236328,10.020000457763672,2008497,0.0,0.0,0.0,23.54,45.12,-1.94,-2.77,-1.31
2026-08-21,9.979999542236328,10.0,9.9399995803833,9.960000038146973,2688999,0.0,0.0,0.0,16.75,35.67,-1.48,-3.02,-1.87
2026-08-24,9.920000076293944,9.920000076293944,9.850000381469728,9.859999656677246,6186479,0.0,0.0,0.0,11.63,27.65,-1.54,-3.48,-2.76
2026-08-25,9.779999732971191,9.800000190734863,9.739999771118164,9.800000190734863,3427892,0.0,0.0,0.0,10.16,21.82,-1.33,-3.52,-3.34
2026-08-26,9.850000381469727,9.850000381469727,9.779999732971191,9.8100004196167,4796150,0.0,0.0,0.0,9.59,17.75,-0.81,-2.89,-3.3
2026-08-27,9.880000114440918,9.9399995803833,9.880000114440918,9.90999984741211,3562836,0.0,0.0,0.0,14.98,16.82,0.43,-1.32,-2.48
2026-08-28,9.989999771118164,9.989999771118164,9.890000343322754,9.890000343322754,3918964,0.0,0.0,0.0,18.61,17.42,0.37,-0.92,-2.61
2026-08-31,9.829999923706055,9.829999923706055,9.699999809265137,9.779999732971191,4251500,0.0,0.0,0.0,20.02,18.29,-0.59,-1.47,-3.59
2026-09-01,9.78,9.78,9.71,9.74,5435810,0.0,0.0,0.0,17.52,18.03,-0.88,-1.41,-3.81
