date,open,high,low,close,volume,dividends,stock_splits,capital_gains,kd_k,kd_d,bias_5,bias_10,bias_20
2025-03-21,14.520000457763672,14.788999557495115,14.520000457763672,14.788999557495115,100,0.0,0.0,0.0,50.0,50.0,0.0,0.0,0.0
2025-03-24,15.510000228881836,15.510000228881836,15.279000282287598,15.357999801635742,5600,0.0,0.0,0.0,50.0,50.0,1.89,1.89,1.89
2025-03-25,15.390000343322754,16.100000381469727,15.390000343322754,16.04599952697754,5500,0.0,0.0,0.0,50.0,50.0,4.21,4.21,4.21
2025-03-26,16.0,16.0,15.583999633789062,15.583999633789062,1900,0.0,0.0,0.0,50.0,50.0,0.9,0.9,0.9
2025-03-27,15.710000038146973,15.84000015258789,15.461999893188477,15.461999893188477,1900,0.0,0.0,0.0,50.0,50.0,0.09,0.09,0.09
2025-03-28,15.149999618530272,15.151000022888184,14.637999534606934,14.637999534606934,1000,0.0,0.0,0.0,50.0,50.0,-5.06,-4.41,-4.41
2025-03-31,14.01200008392334,14.468999862670898,13.970000267028809,14.468999862670898,800,0.0,0.0,0.0,50.0,50.0,-5.06,-4.76,-4.76
2025-04-01,13.949999809265137,14.402000427246094,13.949999809265137,14.402000427246094,800,0.0,0.0,0.0,50.0,50.0,-3.41,-4.58,-4.58
2025-04-02,14.0,14.6899995803833,14.0,14.626999855041504,1700,0.0,0.0,0.0,43.83,47.94,-0.63,-2.76,-2.76
2025-04-03,13.69200038909912,13.69200038909912,13.201000213623049,13.201000213623049,1100,0.0,0.0,0.0,29.22,41.7,-7.47,-11.15,-11.15
2025-04-04,12.710000038146973,12.710000038146973,11.883999824523926,11.883999824523926,4700,0.0,0.0,0.0,19.48,34.29,-13.36,-18.42,-18.53
2025-04-07,10.920000076293944,12.050000190734863,10.920000076293944,11.29800033569336,3500,0.0,0.0,0.0,15.47,28.02,-13.64,-20.22,-21.07
2025-04-08,11.880000114440918,11.880000114440918,10.880000114440918,11.19200038909912,2700,0.0,0.0,0.0,12.41,22.82,-10.04,-18.16,-20.47
2025-04-09,11.0600004196167,12.869999885559082,10.859999656677246,12.861000061035156,7200,0.0,0.0,0.0,23.82,23.15,6.4,-4.05,-8.05
2025-04-10,12.109999656677246,12.109999656677246,11.729999542236328,11.855999946594238,1700,0.0,0.0,0.0,24.55,23.61,0.32,-9.1,-14.36
2025-04-11,11.649999618530272,11.97599983215332,11.609999656677246,11.97599983215332,1500,0.0,0.0,0.0,26.08,24.44,1.18,-6.27,-12.76
2025-04-14,12.350000381469728,12.350000381469728,11.871999740600586,11.871999740600586,2400,0.0,0.0,0.0,26.19,25.02,-0.66,-5.15,-12.82
2025-04-15,12.0,12.100000381469728,11.82699966430664,11.82699966430664,7700,0.0,0.0,0.0,28.84,26.29,-2.08,-3.53,-12.52
2025-04-16,11.369999885559082,11.8100004196167,11.270000457763672,11.449999809265137,3800,0.0,0.0,0.0,29.01,27.2,-2.93,-4.12,-14.62
2025-04-17,11.550000190734863,11.90999984741211,11.550000190734863,11.687999725341797,4000,0.0,0.0,0.0,33.07,29.16,-0.63,-0.87,-12.28
2025-04-21,11.260000228881836,11.335000038146973,11.0600004196167,11.335000038146973,2200,0.0,0.0,0.0,29.93,29.41,-2.57,-3.41,-13.81
2025-04-22,11.56999969482422,11.793999671936035,11.56999969482422,11.753000259399414,1100,0.0,0.0,0.0,34.76,31.2,1.23,-0.24,-9.39
2025-04-23,12.4399995803833,12.5,11.890000343322754,11.913000106811523,1000,0.0,0.0,0.0,42.92,35.1,2.45,0.51,-6.67
2025-04-24,12.239999771118164,12.487000465393066,12.210000038146973,12.487000465393066,10400,0.0,0.0,0.0,61.64,43.95,5.51,5.68,-0.97
2025-04-25,12.800000190734863,13.140000343322754,12.4399995803833,12.968999862670898,8800,0.0,0.0,0.0,71.69,53.2,7.26,8.74,3.88
2025-04-28,13.130000114440918,13.170000076293944,12.850000381469728,13.015999794006348,19600,0.0,0.0,0.0,78.69,61.7,4.73,8.19,4.94
2025-04-29,13.289999961853027,13.289999961853027,12.949999809265137,13.18299961090088,5100,0.0,0.0,0.0,84.2,69.2,3.69,8.39,6.84
2025-04-30,12.899999618530272,13.5,12.767999649047852,13.43000030517578,2700,0.0,0.0,0.0,88.51,75.63,3.17,8.99,9.27
2025-05-01,13.5,13.75,13.40999984741211,13.40999984741211,5200,0.0,0.0,0.0,88.13,79.8,1.58,7.12,9.65
2025-05-02,13.84000015258789,14.010000228881836,13.779999732971191,13.859999656677246,6200,0.0,0.0,0.0,90.03,83.21,3.59,8.83,13.02
2025-05-05,13.81999969482422,14.479999542236328,13.710000038146973,13.880000114440918,11100,0.0,0.0,0.0,85.63,84.02,2.42,6.85,12.27
2025-05-06,13.4399995803833,14.199999809265137,13.4399995803833,13.960000038146973,6400,0.0,0.0,0.0,82.79,83.61,1.84,5.67,11.72
2025-05-07,13.9399995803833,14.170000076293944,13.9399995803833,14.170000076293944,2800,0.0,0.0,0.0,83.46,83.56,2.27,5.46,12.06
2025-05-08,14.270000457763672,14.369999885559082,14.100000381469728,14.100000381469728,7200,0.0,0.0,0.0,81.57,82.9,0.76,3.69,10.96
2025-05-09,14.270000457763672,14.31999969482422,13.984999656677246,14.010000228881836,5500,0.0,0.0,0.0,78.57,81.45,-0.1,2.25,9.33
2025-05-12,14.90999984741211,15.125,14.74899959564209,14.74899959564209,8000,0.0,0.0,0.0,80.39,81.1,3.88,6.3,13.86
2025-05-13,14.920000076293944,15.156000137329102,14.859999656677246,15.02299976348877,6900,0.0,0.0,0.0,84.39,82.2,4.25,6.86,14.59
2025-05-14,15.04800033569336,15.232000350952148,15.010000228881836,15.232000350952148,9200,0.0,0.0,0.0,89.59,84.66,4.17,6.97,14.69
2025-05-15,15.25,15.890000343322754,15.239999771118164,15.890000343322754,8200,0.0,0.0,0.0,93.06,87.46,6.07,9.68,17.68
2025-05-16,16.989999771118164,16.989999771118164,16.350000381469727,16.520000457763672,5400,0.0,0.0,0.0,90.96,88.63,6.7,11.97,20.19
2025-05-19,16.389999389648438,16.829999923706055,16.31999969482422,16.829999923706055,11300,0.0,0.0,0.0,92.23,89.83,5.86,11.84,20.05
2025-05-20,16.56999969482422,16.56999969482422,16.28499984741211,16.479999542236328,5800,0.0,0.0,0.0,89.16,89.6,1.79,7.71,15.6
2025-05-21,16.510000228881836,16.93400001525879,16.100000381469727,16.290000915527344,13500,0.0,0.0,0.0,85.01,88.07,-0.68,5.01,12.54
2025-05-22,16.200000762939453,16.440000534057617,16.170000076293945,16.34000015258789,1900,0.0,0.0,0.0,80.34,85.49,-0.92,3.84,11.41
2025-05-23,15.899999618530272,15.899999618530272,15.640000343322754,15.640000343322754,2600,0.0,0.0,0.0,65.76,78.92,-4.14,-1.63,5.67
2025-05-27,16.149999618530273,16.25,16.0,16.18000030517578,9000,0.0,0.0,0.0,63.54,73.79,-0.04,0.86,8.16
2025-05-28,16.100000381469727,16.350000381469727,16.030000686645508,16.170000076293945,3000,0.0,0.0,0.0,60.07,69.22,0.29,0.08,7.03
2025-05-29,16.200000762939453,16.209999084472656,15.9399995803833,16.149999618530273,7000,0.0,0.0,0.0,52.64,63.69,0.34,-0.61,5.94
2025-05-30,16.2189998626709,16.459999084472656,15.940999984741213,16.290000915527344,14600,0.0,0.0,0.0,51.84,59.74,1.27,0.01,5.86
2025-06-02,15.710000038146973,15.880000114440918,14.878000259399414,15.369999885559082,29300,0.0,0.0,0.0,42.54,54.01,-4.13,-4.97,-0.61
2025-06-03,15.279999732971191,16.059999465942383,15.279999732971191,16.059999465942383,5400,0.0,0.0,0.0,47.52,51.84,0.32,-0.23,3.13
2025-06-04,16.125,16.243999481201172,16.0,16.18000030517578,3500,0.0,0.0,0.0,59.11,54.27,1.06,0.7,3.16
2025-06-05,16.6299991607666,16.6299991607666,16.125,16.360000610351562,11600,0.0,0.0,0.0,67.61,58.71,1.92,1.78,3.59
2025-06-06,16.3700008392334,16.3700008392334,16.260000228881836,16.31999969482422,17600,0.0,0.0,0.0,72.51,63.31,1.63,1.54,2.61
2025-06-09,16.31999969482422,16.479999542236328,16.200000762939453,16.290000915527344,18700,0.0,0.0,0.0,75.2,67.27,0.3,0.95,1.7
2025-06-10,16.200000762939453,16.84000015258789,16.097999572753906,16.489999771118164,20300,0.0,0.0,0.0,77.52,70.69,0.99,1.99,2.39
2025-06-11,16.15999984741211,16.25,15.89900016784668,16.25,15200,0.0,0.0,0.0,74.99,72.12,-0.56,0.46,0.52
2025-06-12,16.040000915527344,16.3799991607666,15.88700008392334,16.239999771118164,212000,0.0,0.0,0.0,73.13,72.46,-0.48,0.34,0.14
2025-06-13,14.5,14.78600025177002,13.710000038146973,14.3100004196167,334600,0.0,0.0,0.0,55.15,66.69,-10.09,-10.49,-11.33
2025-06-16,14.5,15.23799991607666,14.25,14.989999771118164,112300,0.0,0.0,0.0,50.4,61.26,-4.25,-6.01,-6.67
2025-06-17,14.770999908447266,14.800000190734863,13.550000190734863,13.609999656677246,166500,0.0,0.0,0.0,34.2,52.24,-9.75,-13.33,-14.41
2025-06-18,13.68000030517578,13.739999771118164,13.229999542236328,13.229999542236328,82000,0.0,0.0,0.0,22.8,42.43,-8.61,-14.14,-15.94
2025-06-20,13.46500015258789,13.550000190734863,12.9399995803833,13.210000038146973,50400,0.0,0.0,0.0,17.51,34.12,-4.76,-12.48,-15.23
2025-06-23,13.079999923706056,13.390000343322754,13.017999649047852,13.31999969482422,57500,0.0,0.0,0.0,14.92,27.72,-2.57,-9.96,-13.69
2025-06-24,13.739999771118164,13.739999771118164,13.270000457763672,13.550000190734863,85500,0.0,0.0,0.0,15.86,23.77,1.24,-6.68,-11.6
2025-06-25,13.571000099182127,13.920000076293944,13.538000106811523,13.90999984741211,51500,0.0,0.0,0.0,19.97,22.5,3.47,-2.47,-8.58
2025-06-26,14.038999557495115,14.038999557495115,13.57800006866455,13.739999771118164,44700,0.0,0.0,0.0,24.92,23.31,1.43,-1.93,-8.97
2025-06-27,13.779999732971191,14.062000274658203,13.720000267028809,13.829999923706056,53200,0.0,0.0,0.0,29.52,25.38,1.17,0.44,-7.66
2025-06-30,13.859999656677246,14.079999923706056,13.68000030517578,13.859999656677246,24100,0.0,0.0,0.0,36.17,28.98,0.6,0.98,-6.7
2025-07-01,13.600000381469728,14.229999542236328,13.4399995803833,14.229999542236328,37800,0.0,0.0,0.0,57.45,38.47,2.27,4.26,-3.84
2025-07-02,13.75,13.75,12.800000190734863,13.239999771118164,170700,0.0,0.0,0.0,48.55,41.83,-3.92,-2.73,-9.67
2025-07-03,13.210000038146973,13.5,13.210000038146973,13.390000343322754,31500,0.0,0.0,0.0,46.12,43.26,-2.33,-1.75,-7.77
2025-07-07,13.25,13.380000114440918,12.989999771118164,13.100000381469728,33800,0.0,0.0,0.0,37.74,41.42,-3.42,-3.8,-8.75
2025-07-08,13.18000030517578,13.710000038146973,13.119999885559082,13.4399995803833,57900,0.0,0.0,0.0,40.08,40.97,-0.3,-1.39,-5.43
2025-07-09,13.479999542236328,13.548999786376951,12.649999618530272,12.869999885559082,91900,0.0,0.0,0.0,31.36,37.77,-2.56,-5.1,-8.34
2025-07-10,12.81999969482422,12.81999969482422,12.279999732971191,12.720000267028809,86100,0.0,0.0,0.0,28.43,34.66,-2.93,-5.37,-8.17
2025-07-11,12.4399995803833,12.479999542236328,12.079999923706056,12.15999984741211,61400,0.0,0.0,0.0,20.19,29.83,-5.43,-8.46,-10.9
2025-07-14,12.020000457763672,12.390000343322754,11.970000267028809,12.359999656677246,45900,0.0,0.0,0.0,19.21,26.29,-2.75,-5.91,-8.13
2025-07-15,12.23799991607666,12.420000076293944,12.140000343322754,12.15999984741211,52000,0.0,0.0,0.0,16.37,22.99,-2.36,-6.22,-8.89
2025-07-16,12.229999542236328,12.229999542236328,11.81999969482422,11.989999771118164,29300,0.0,0.0,0.0,13.91,19.96,-2.35,-5.91,-9.14
2025-07-17,11.84000015258789,12.289999961853027,11.84000015258789,12.220000267028809,54200,0.0,0.0,0.0,16.33,18.75,0.34,-3.33,-6.91
2025-07-18,12.390000343322754,12.390000343322754,12.119999885559082,12.213000297546388,16600,0.0,0.0,0.0,17.82,18.44,0.2,-2.48,-6.6
2025-07-21,12.289999961853027,12.390000343322754,12.086000442504885,12.336999893188477,36400,0.0,0.0,0.0,21.84,19.57,1.26,-0.88,-5.33
2025-07-22,12.529999732971191,12.770000457763672,12.529999732971191,12.69499969482422,37200,0.0,0.0,0.0,43.73,27.63,3.29,2.61,-2.35
2025-07-23,12.720000267028809,12.75,12.470000267028809,12.66100025177002,59400,0.0,0.0,0.0,58.66,37.97,1.9,2.5,-2.28
2025-07-24,12.619999885559082,12.869999885559082,12.529999732971191,12.56999969482422,58800,0.0,0.0,0.0,62.92,46.29,0.6,1.89,-2.48
2025-07-25,12.579999923706056,12.619999885559082,12.451000213623049,12.524999618530272,25100,0.0,0.0,0.0,64.33,52.3,-0.26,1.23,-2.37
2025-07-28,12.56999969482422,12.604999542236328,12.383999824523926,12.42199993133545,27200,0.0,0.0,0.0,62.0,55.53,-1.21,0.34,-2.63
2025-07-29,12.470000267028809,12.880000114440918,12.460000038146973,12.529999732971191,78700,0.0,0.0,0.0,63.45,58.17,-0.09,0.92,-1.27
2025-07-30,12.600000381469728,12.600000381469728,12.050000190734863,12.093999862670898,53100,0.0,0.0,0.0,44.06,53.47,-2.69,-2.68,-3.9
2025-07-31,11.970000267028809,11.970000267028809,11.449999809265137,11.628000259399414,88200,0.0,0.0,0.0,33.53,46.82,-5.0,-5.98,-7.01
2025-08-01,11.479999542236328,11.517000198364258,10.960000038146973,10.991000175476074,80200,0.0,0.0,0.0,22.89,38.84,-7.89,-10.24,-11.25
2025-08-04,11.095000267028809,11.100000381469728,10.380000114440918,10.430999755859377,202100,0.0,0.0,0.0,15.94,31.21,-9.57,-13.47,-14.85
2025-08-05,10.470000267028809,10.65999984741211,10.32900047302246,10.470000267028809,116100,0.0,0.0,0.0,12.47,24.96,-5.87,-11.51,-13.49
2025-08-06,10.699999809265137,10.821999549865724,10.4399995803833,10.821999549865724,85500,0.0,0.0,0.0,14.75,21.56,-0.43,-7.09,-9.82
2025-08-07,10.729999542236328,10.89900016784668,10.006999969482422,10.345999717712402,192000,0.0,0.0,0.0,13.77,18.96,-2.51,-9.45,-12.92
2025-08-08,10.399999618530272,10.529999732971191,10.239999771118164,10.51099967956543,75500,0.0,0.0,0.0,15.03,17.65,-0.05,-6.36,-10.91
2025-08-11,10.15999984741211,10.640000343322754,9.970999717712402,10.03499984741211,140400,0.0,0.0,0.0,10.83,15.38,-3.85,-8.65,-14.1
2025-08-12,10.039999961853027,10.350000381469728,9.836999893188477,10.321999549865724,108100,0.0,0.0,0.0,14.8,15.18,-0.82,-4.12,-10.95
2025-08-13,10.449999809265137,11.126999855041504,10.347999572753906,11.107999801635742,192600,0.0,0.0,0.0,35.08,21.82,6.15,4.14,-3.8
2025-08-14,11.06999969482422,11.119999885559082,10.789999961853027,10.989999771118164,101100,0.0,0.0,0.0,53.18,32.27,3.75,3.65,-4.31
2025-08-15,11.0,11.479999542236328,10.979999542236328,11.32699966430664,180700,0.0,0.0,0.0,65.68,43.41,5.3,6.49,-0.99
2025-08-18,11.40999984741211,11.545000076293944,11.220000267028809,11.486000061035156,143600,0.0,0.0,0.0,75.97,54.26,3.98,6.93,0.77
2025-08-19,11.56999969482422,11.920000076293944,11.520000457763672,11.70199966430664,196900,0.0,0.0,0.0,80.49,63.01,3.35,7.7,3.11
2025-08-20,11.739999771118164,11.779999732971191,11.199999809265137,11.211999893188477,176900,0.0,0.0,0.0,75.67,67.23,-1.16,2.83,-0.57
2025-08-21,11.1899995803833,11.234000205993652,10.800000190734863,11.204999923706056,78900,0.0,0.0,0.0,72.33,68.93,-1.59,1.96,-0.03
2025-08-22,11.406999588012695,11.779999732971191,11.270000457763672,11.725000381469728,84000,0.0,0.0,0.0,78.44,72.1,2.26,5.52,4.99
2025-08-25,11.850000381469728,11.885000228881836,11.699999809265137,11.833000183105469,67300,0.0,0.0,0.0,83.78,75.99,2.58,4.8,6.24
2025-08-26,11.75,11.755000114440918,11.199999809265137,11.25,78700,0.0,0.0,0.0,69.42,73.8,-1.7,-1.18,1.59
2025-08-27,11.329999923706056,11.59000015258789,11.300000190734863,11.359999656677246,92700,0.0,0.0,0.0,62.95,70.18,-1.0,-0.43,2.92
2025-08-28,11.420000076293944,11.420000076293944,10.899999618530272,11.190999984741213,144600,0.0,0.0,0.0,53.6,64.66,-2.45,-2.08,1.59
2025-08-29,11.156999588012695,11.350000381469728,11.156999588012695,11.326000213623049,77700,0.0,0.0,0.0,51.39,60.23,-0.58,-0.9,2.66
2025-09-02,10.979999542236328,11.079999923706056,10.399999618530272,10.628000259399414,255600,0.0,0.0,0.0,39.38,53.28,-4.69,-6.31,-3.75
2025-09-03,10.65999984741211,10.795000076293944,10.51200008392334,10.795000076293944,175400,0.0,0.0,0.0,35.12,47.23,-2.4,-4.07,-2.38
2025-09-04,10.399999618530272,10.5600004196167,9.800000190734863,10.5600004196167,403300,0.0,0.0,0.0,35.56,43.34,-3.12,-5.61,-4.4
2025-09-05,10.68000030517578,11.18000030517578,10.600000381469728,10.800999641418455,224400,0.0,0.0,0.0,39.71,42.13,-0.19,-3.1,-2.42
2025-09-08,10.859999656677246,11.439000129699709,10.539999961853027,11.43000030517578,303600,0.0,0.0,0.0,54.27,46.18,5.42,2.81,2.84
2025-09-09,11.640000343322754,11.640000343322754,11.0600004196167,11.149999618530272,298400,0.0,0.0,0.0,60.63,50.99,1.85,0.91,-0.18
2025-09-10,11.28499984741211,11.4399995803833,10.770000457763672,10.899999618530272,733900,0.0,0.0,0.0,60.35,54.11,-0.62,-1.04,-2.67
2025-09-11,11.1899995803833,11.1899995803833,10.68000030517578,10.9399995803833,4500400,0.0,0.0,0.0,60.89,56.37,-0.94,-0.29,-2.24
2025-09-12,11.539999961853027,11.859999656677246,10.31999969482422,10.789999961853027,3851500,0.0,0.0,0.0,56.61,56.45,-2.28,-1.3,-3.49
2025-09-15,10.890000343322754,11.324999809265137,10.532999992370604,10.65999984741211,1772800,0.0,0.0,0.0,51.66,54.85,-2.09,-1.89,-4.37
2025-09-16,10.869999885559082,11.25,10.730999946594238,11.0,1291100,0.0,0.0,0.0,53.85,54.52,1.31,0.89,-1.1
2025-09-17,11.010000228881836,11.763999938964844,11.010000228881836,11.579999923706056,1116000,0.0,0.0,0.0,63.18,57.41,5.33,5.45,4.17
2025-09-18,11.90999984741211,12.133999824523926,11.81999969482422,11.90999984741211,1173000,0.0,0.0,0.0,71.33,62.05,6.45,7.14,6.8
2025-09-19,12.0,12.079999923706056,11.59000015258789,11.789999961853027,598600,0.0,0.0,0.0,74.57,66.22,3.53,5.13,5.45
2025-09-22,11.65999984741211,11.729999542236328,11.390000343322754,11.670000076293944,433700,0.0,0.0,0.0,74.52,68.99,0.69,3.83,4.4
2025-09-23,11.720000267028809,11.970000267028809,11.510000228881836,11.529999732971191,504500,0.0,0.0,0.0,71.91,69.96,-1.42,2.24,3.29
2025-09-24,11.109999656677246,11.130000114440918,10.656000137329102,10.979999542236328,1135400,0.0,0.0,0.0,60.07,66.67,-5.15,-2.7,-1.52
2025-09-25,10.880000114440918,11.21500015258789,10.880000114440918,11.029999732971191,755700,0.0,0.0,0.0,50.39,61.24,-3.25,-2.34,-0.93
2025-09-26,10.949999809265137,11.43000030517578,10.949999809265137,11.399999618530272,472200,0.0,0.0,0.0,50.38,57.62,0.69,0.4,2.3
2025-09-29,11.539999961853027,11.585000038146973,11.31999969482422,11.359999656677246,514900,0.0,0.0,0.0,49.46,54.9,0.89,-0.57,1.93
2025-09-30,11.43000030517578,11.489999771118164,10.760000228881836,10.93000030517578,772500,0.0,0.0,0.0,39.15,49.65,-1.89,-4.27,-2.06
2025-10-01,10.600000381469728,10.73900032043457,10.130000114440918,10.359999656677246,1326800,0.0,0.0,0.0,30.03,43.11,-5.95,-8.29,-6.99
2025-10-02,10.369999885559082,10.829999923706056,10.300000190734863,10.829999923706056,937600,0.0,0.0,0.0,32.7,39.64,-1.33,-3.2,-2.89
2025-10-03,10.890000343322754,10.890000343322754,10.505000114440918,10.529999732971191,490500,0.0,0.0,0.0,29.05,36.11,-2.52,-4.81,-5.46
2025-10-06,10.550000190734863,11.149999618530272,10.244000434875488,10.72599983215332,1133800,0.0,0.0,0.0,33.02,35.08,0.48,-2.2,-3.4
2025-10-07,10.869999885559082,10.880000114440918,10.369999885559082,10.619999885559082,645300,0.0,0.0,0.0,33.24,34.47,0.06,-2.36,-4.12
2025-10-08,10.6899995803833,10.960000038146973,10.562000274658203,10.640000343322754,726000,0.0,0.0,0.0,33.84,34.26,-0.27,-1.87,-3.83
2025-10-09,10.739999771118164,10.760000228881836,10.369999885559082,10.5600004196167,501300,0.0,0.0,0.0,32.41,33.64,-0.52,-2.18,-4.39
2025-10-10,10.579999923706056,10.609999656677246,9.899999618530272,9.93000030517578,1057100,0.0,0.0,0.0,22.24,29.84,-5.39,-6.75,-9.74
2025-10-13,10.06999969482422,10.085000038146973,9.81999969482422,10.039999961853027,533300,0.0,0.0,0.0,20.34,26.67,-3.07,-4.53,-8.48
2025-10-14,9.800000190734863,10.0,9.640000343322754,9.84000015258789,336600,0.0,0.0,0.0,17.97,23.77,-3.55,-5.45,-9.83
2025-10-15,9.835000038146973,9.835000038146973,9.43000030517578,9.529999732971191,1018800,0.0,0.0,0.0,13.92,20.49,-4.51,-7.7,-11.84
2025-10-16,9.65999984741211,9.859999656677246,9.34000015258789,9.4399995803833,693300,0.0,0.0,0.0,11.12,17.37,-3.24,-7.32,-11.67
2025-10-17,9.359999656677246,9.760000228881836,9.359999656677246,9.670000076293944,449600,0.0,0.0,0.0,14.2,16.31,-0.35,-4.25,-8.61
2025-10-20,9.729999542236328,10.274999618530272,9.729999542236328,10.23900032043457,609200,0.0,0.0,0.0,27.97,20.2,5.08,1.87,-2.57
2025-10-21,10.270000457763672,11.109999656677246,10.244999885559082,11.079999923706056,1214900,0.0,0.0,0.0,51.41,30.6,10.89,9.74,5.66
2025-10-22,10.989999771118164,11.229999542236328,10.770000457763672,10.859999656677246,820800,0.0,0.0,0.0,61.08,40.76,5.87,7.32,3.62
2025-10-23,10.829999923706056,10.869999885559082,10.531999588012695,10.84000015258789,492200,0.0,0.0,0.0,67.18,49.57,2.87,6.83,3.52
2025-10-24,11.010000228881836,11.06999969482422,10.795000076293944,10.81999969482422,309100,0.0,0.0,0.0,70.89,56.67,0.48,5.71,3.62
2025-10-27,10.949999809265137,11.09000015258789,10.741000175476074,11.06999969482422,491000,0.0,0.0,0.0,77.77,63.71,1.24,7.07,6.16
2025-10-28,11.220000267028809,11.420000076293944,11.06999969482422,11.196999549865724,910700,0.0,0.0,0.0,81.61,69.67,2.19,6.9,7.24
2025-10-29,10.90999984741211,10.970000267028809,9.789999961853027,9.829999923706056,2170000,0.0,0.0,0.0,62.01,67.12,-8.57,-6.42,-5.61
2025-10-30,9.869999885559082,10.199999809265137,9.56999969482422,9.90999984741211,1114800,0.0,0.0,0.0,47.47,60.57,-6.2,-6.08,-4.42
2025-10-31,9.880000114440918,10.0,9.753000259399414,9.95400047302246,479400,0.0,0.0,0.0,38.56,53.23,-4.22,-5.92,-3.73
2025-11-03,9.949999809265137,10.06999969482422,9.510000228881836,9.769000053405762,575400,0.0,0.0,0.0,30.23,45.56,-3.58,-7.25,-5.08
2025-11-04,9.600000381469728,9.949999809265137,9.520000457763672,9.649999618530272,446200,0.0,0.0,0.0,22.6,37.91,-1.76,-7.12,-5.79
2025-11-05,9.5,9.725000381469728,9.420000076293944,9.65999984741211,360800,0.0,0.0,0.0,19.06,31.63,-1.31,-5.94,-5.24
2025-11-06,9.539999961853027,9.539999961853027,9.029999732971191,9.1899995803833,643300,0.0,0.0,0.0,14.94,26.06,-4.71,-9.05,-9.24
2025-11-07,9.119999885559082,9.380000114440918,8.9399995803833,9.149999618530272,486000,0.0,0.0,0.0,12.78,21.64,-3.52,-7.93,-9.29
2025-11-10,9.239999771118164,9.31999969482422,9.050000190734863,9.270000457763672,369400,0.0,0.0,0.0,13.94,19.07,-1.21,-5.0,-7.75
2025-11-11,9.260000228881836,9.545000076293944,9.260000228881836,9.487000465393066,403700,0.0,0.0,0.0,23.76,20.64,1.45,-1.04,-5.42
2025-11-12,9.5600004196167,9.788999557495115,9.510000228881836,9.720000267028809,454900,0.0,0.0,0.0,38.85,26.71,3.81,1.5,-3.19
2025-11-13,9.640000343322754,9.859999656677246,9.46500015258789,9.510000228881836,621500,0.0,0.0,0.0,42.72,32.04,0.88,-0.27,-5.31
2025-11-14,9.449999809265137,9.505000114440918,9.239999771118164,9.369999885559082,389900,0.0,0.0,0.0,42.67,35.59,-1.07,-1.14,-6.57
2025-11-17,9.300000190734863,9.420000076293944,8.979999542236328,9.029999732971191,608100,0.0,0.0,0.0,31.71,34.29,-4.17,-3.97,-9.41
2025-11-18,8.9399995803833,9.09000015258789,8.789999961853027,8.98799991607666,408300,0.0,0.0,0.0,27.31,31.96,-3.6,-3.74,-8.88
2025-11-19,8.895000457763672,8.9399995803833,8.468000411987305,8.616000175476074,512200,0.0,0.0,0.0,21.75,28.56,-5.35,-6.68,-11.64
2025-11-20,8.670000076293945,8.890000343322754,8.295000076293945,8.305000305175781,689400,0.0,0.0,0.0,14.71,23.94,-6.28,-9.18,-13.71
2025-11-21,8.319999694824219,9.100000381469728,8.289999961853027,8.92199993133545,540200,0.0,0.0,0.0,23.23,23.7,1.71,-2.19,-6.38
2025-11-24,8.960000038146973,9.010000228881836,8.619999885559082,8.619999885559082,307200,0.0,0.0,0.0,22.49,23.3,-0.81,-4.82,-8.37
2025-11-25,8.550000190734863,8.777999877929688,8.46399974822998,8.65999984741211,250100,0.0,0.0,0.0,22.85,23.15,0.41,-3.5,-6.69
2025-11-26,8.619999885559082,8.760000228881836,8.486000061035156,8.550000190734863,267500,0.0,0.0,0.0,22.37,22.89,-0.71,-3.47,-7.23
2025-11-28,8.569999694824219,8.800000190734863,8.569999694824219,8.6899995803833,143000,0.0,0.0,0.0,26.71,24.16,0.02,-0.97,-5.08
2025-12-01,8.5,9.0,8.5,8.819999694824219,337700,0.0,0.0,0.0,39.62,29.31,1.75,1.15,-3.06
2025-12-02,8.800000190734863,8.989999771118164,8.574999809265137,8.829999923706055,523400,0.0,0.0,0.0,48.63,35.75,1.38,1.49,-2.45
2025-12-03,8.760000228881836,9.050000190734863,8.725000381469727,9.029999732971191,479500,0.0,0.0,0.0,62.88,44.79,2.8,3.74,0.1
2025-12-04,9.1899995803833,9.25,8.890000343322754,9.149999618530272,647300,0.0,0.0,0.0,71.78,53.79,2.76,4.48,1.72
2025-12-05,9.229999542236328,10.229999542236328,9.210000038146973,10.119999885559082,1348300,0.0,0.0,0.0,79.11,62.23,10.12,13.21,11.92
2025-12-08,10.199999809265137,10.218000411987305,9.64900016784668,9.6899995803833,631000,0.0,0.0,0.0,75.88,66.78,3.48,7.48,6.85
2025-12-09,9.829999923706056,10.180999755859377,9.65999984741211,9.986000061035156,609600,0.0,0.0,0.0,79.26,70.94,4.07,9.11,9.68
2025-12-10,9.850000381469728,10.18000030517578,9.770000457763672,9.9399995803833,1777900,0.0,0.0,0.0,80.58,74.15,1.67,7.11,8.9
2025-12-11,9.779999732971191,10.699999809265137,9.380000114440918,10.3100004196167,2349200,0.0,0.0,0.0,81.15,76.48,3.01,9.02,12.59
2025-12-12,10.399999618530272,11.029999732971191,10.289999961853027,10.670000076293944,1200400,0.0,0.0,0.0,82.54,78.5,5.44,10.52,15.79
2025-12-15,10.390000343322754,10.510000228881836,9.920000076293944,10.34000015258789,665700,0.0,0.0,0.0,78.38,78.46,0.89,5.44,11.62
2025-12-16,10.210000038146973,10.604999542236328,10.010000228881836,10.149999618530272,487100,0.0,0.0,0.0,71.88,76.27,-1.28,2.13,8.91
2025-12-17,10.140000343322754,10.710000038146973,10.140000343322754,10.529999732971191,720500,0.0,0.0,0.0,72.1,74.88,1.25,4.38,12.06
2025-12-18,10.640000343322754,10.75,10.350000381469728,10.600000381469728,531100,0.0,0.0,0.0,72.71,74.16,1.36,3.58,11.63
2025-12-19,10.550000190734863,10.68000030517578,10.34000015258789,10.56999969482422,305800,0.0,0.0,0.0,72.51,73.61,1.26,2.84,10.0
2025-12-22,10.585000038146973,10.81999969482422,10.5600004196167,10.6899995803833,323600,0.0,0.0,0.0,74.81,74.01,1.73,3.0,10.24
2025-12-23,10.710000038146973,10.8100004196167,10.279999732971191,10.369999885559082,403600,0.0,0.0,0.0,69.87,72.63,-1.72,-0.45,5.98
2025-12-24,10.380000114440918,10.510000228881836,10.335000038146973,10.430999755859377,253500,0.0,0.0,0.0,61.93,69.06,-0.96,-0.34,5.65
2025-12-26,10.399999618530272,10.59000015258789,10.369999885559082,10.449999809265137,139700,0.0,0.0,0.0,60.91,66.35,-0.5,-0.29,4.83
2025-12-29,10.40999984741211,10.609999656677246,10.300000190734863,10.420000076293944,224600,0.0,0.0,0.0,57.48,63.39,-0.5,-0.34,3.63
2025-12-30,10.470000267028809,10.515000343322754,10.239999771118164,10.380000114440918,186300,0.0,0.0,0.0,50.09,58.96,-0.29,-0.76,2.44
2025-12-31,10.25,10.350000381469728,10.199999809265137,10.220000267028809,155700,0.0,0.0,0.0,34.47,50.79,-1.54,-2.35,0.17
2026-01-02,10.270000457763672,10.270000457763672,9.145999908447266,9.25,668300,0.0,0.0,0.0,25.05,42.21,-8.81,-10.53,-9.43
2026-01-05,9.029999732971191,9.289999961853027,8.914999961853027,9.130000114440918,814300,0.0,0.0,0.0,20.46,34.96,-7.59,-10.41,-10.6
2026-01-06,9.079999923706056,9.395000457763672,9.020000457763672,9.359999656677246,561600,0.0,0.0,0.0,21.47,30.46,-3.19,-7.05,-8.0
2026-01-07,9.40999984741211,9.739999771118164,9.300000190734863,9.5,410100,0.0,0.0,0.0,25.82,28.91,0.08,-4.53,-6.54
2026-01-08,9.399999618530272,9.800000190734863,9.300000190734863,9.529999732971191,282100,0.0,0.0,0.0,29.31,29.04,1.88,-3.42,-6.03
2026-01-09,9.345000267028809,9.345000267028809,8.90999984741211,9.229999542236328,477100,0.0,0.0,0.0,25.81,27.97,-1.28,-5.3,-8.67
2026-01-12,8.899999618530273,9.0600004196167,8.664999961853027,8.890000343322754,551200,0.0,0.0,0.0,21.26,25.73,-4.43,-7.31,-11.41
2026-01-13,8.640000343322754,8.640000343322754,7.822000026702881,7.929999828338623,1667200,0.0,0.0,0.0,15.6,22.35,-12.05,-15.11,-19.89
2026-01-14,7.869999885559082,7.909999847412109,7.554999828338623,7.639999866485596,1029800,0.0,0.0,0.0,11.44,18.72,-11.61,-15.75,-21.75
2026-01-15,7.650000095367432,7.709000110626221,7.489999771118164,7.619999885559082,686900,0.0,0.0,0.0,9.5,15.65,-7.77,-13.49,-20.93
2026-01-16,7.670000076293945,7.670000076293945,7.189000129699707,7.21999979019165,1049900,0.0,0.0,0.0,6.73,12.67,-8.14,-16.1,-23.77
2026-01-20,7.139999866485596,7.139999866485596,6.833000183105469,6.940000057220459,993000,0.0,0.0,0.0,5.69,10.35,-7.1,-17.24,-25.28
2026-01-21,6.920000076293945,7.119999885559082,6.834000110626221,7.119999885559082,1319800,0.0,0.0,0.0,7.02,9.24,-2.57,-12.77,-21.9
2026-01-22,7.210000038146973,7.480000019073486,7.179999828338623,7.380000114440918,708400,0.0,0.0,0.0,11.94,10.14,1.71,-7.17,-17.55
2026-01-23,7.429999828338623,7.570000171661377,7.34499979019165,7.440000057220459,630800,0.0,0.0,0.0,17.04,12.44,3.05,-3.89,-15.49
2026-01-26,7.510000228881836,7.684999942779541,7.5,7.610000133514404,595000,0.0,0.0,0.0,25.7,16.86,4.28,0.41,-12.16
2026-01-27,7.590000152587891,7.590000152587891,7.019999980926514,7.239999771118164,753200,0.0,0.0,0.0,29.73,21.15,-1.6,-2.35,-14.85
2026-01-28,7.329999923706055,7.550000190734863,7.260000228881836,7.349999904632568,620000,0.0,0.0,0.0,39.49,27.26,-0.73,-0.08,-11.97
2026-01-29,6.929999828338623,7.039999961853027,6.619999885559082,6.949999809265137,1222400,0.0,0.0,0.0,36.66,30.39,-5.03,-4.62,-15.01
2026-01-30,6.940000057220459,7.119999885559082,6.900000095367432,7.03000020980835,494100,0.0,0.0,0.0,37.27,32.69,-2.85,-2.74,-12.32
2026-02-02,7.170000076293945,7.307000160217285,6.914999961853027,7.019999980926514,534600,0.0,0.0,0.0,37.37,34.25,-1.38,-2.61,-11.21
2026-02-03,6.514999866485596,6.579999923706055,5.961999893188477,6.010000228881836,1550600,0.0,0.0,0.0,25.84,31.44,-12.54,-15.53,-22.46
2026-02-04,5.809999942779541,6.46999979019165,5.65500020980835,6.340000152587891,1882100,0.0,0.0,0.0,28.47,30.45,-4.95,-9.9,-16.57
2026-02-05,6.289999961853027,6.429999828338623,5.829999923706055,5.869999885559082,2131100,0.0,0.0,0.0,22.51,27.81,-9.05,-14.75,-20.87
2026-02-06,5.940000057220459,6.099999904632568,5.690000057220459,5.809999942779541,1262800,0.0,0.0,0.0,17.68,24.43,-6.44,-13.58,-19.66
2026-02-09,5.829999923706055,5.849999904632568,5.580999851226807,5.75,1337200,0.0,0.0,0.0,14.65,21.17,-3.46,-12.04,-18.53
2026-02-10,5.75,5.914999961853027,5.625,5.659999847412109,1402800,0.0,0.0,0.0,11.29,17.88,-3.84,-11.27,-17.93
2026-02-11,5.579999923706055,5.619999885559082,5.28000020980835,5.329999923706055,2177900,0.0,0.0,0.0,8.35,14.7,-6.23,-13.71,-21.23
2026-02-12,5.360000133514404,5.559999942779541,5.085000038146973,5.559999942779541,2325500,0.0,0.0,0.0,12.69,14.03,-1.1,-7.92,-16.55
2026-02-13,5.519999980926514,5.6570000648498535,5.340000152587891,5.610000133514404,2658900,0.0,0.0,0.0,20.17,16.08,0.5,-4.85,-14.51
2026-02-17,5.670000076293945,5.820000171661377,5.255000114440918,5.489999771118164,1468900,0.0,0.0,0.0,23.19,18.45,-0.72,-4.41,-15.22
2026-02-18,5.489999771118164,5.570000171661377,5.309999942779541,5.559999942779541,1268200,0.0,0.0,0.0,27.23,21.38,0.91,-2.42,-13.21
2026-02-19,5.585000038146973,5.614999771118164,5.320000171661377,5.400000095367432,856100,0.0,0.0,0.0,28.5,23.75,-2.24,-3.64,-14.56
2026-02-20,5.190000057220459,5.5,5.179999828338623,5.369999885559082,962900,0.0,0.0,0.0,30.45,25.98,-2.11,-3.31,-13.67
2026-02-23,5.199999809265137,5.199999809265137,4.789999961853027,4.860000133514404,2132000,0.0,0.0,0.0,22.37,24.78,-8.92,-10.97,-20.21
2026-02-24,4.840000152587891,5.309999942779541,4.78000020980835,5.199999809265137,1668600,0.0,0.0,0.0,28.38,25.98,-1.48,-3.77,-12.91
2026-02-25,5.170000076293945,5.309999942779541,5.019999980926514,5.309999942779541,1080000,0.0,0.0,0.0,35.9,29.29,1.57,-1.1,-9.6
2026-02-26,5.449999809265137,5.539999961853027,5.260000228881836,5.349999904632568,1841300,0.0,0.0,0.0,42.21,33.59,2.53,-0.39,-7.34
2026-02-27,5.150000095367432,5.5,5.110000133514404,5.489999771118164,847300,0.0,0.0,0.0,50.89,39.36,4.73,2.35,-3.7
2026-03-02,5.309999942779541,5.554999828338623,5.269999980926514,5.429999828338623,1354000,0.0,0.0,0.0,59.88,46.2,1.38,1.57,-3.4
2026-03-03,5.400000095367432,5.914999961853027,5.389999866485596,5.849999904632568,5953300,0.0,0.0,0.0,71.34,54.58,6.64,8.7,5.17
2026-03-04,5.869999885559082,6.079999923706055,5.820000171661377,5.929999828338623,3845200,0.0,0.0,0.0,77.05,62.07,5.7,9.43,6.68
2026-03-05,6.03000020980835,6.459000110626221,6.019999980926514,6.300000190734863,1943100,0.0,0.0,0.0,81.54,68.56,8.62,14.36,13.38
2026-03-06,6.215000152587891,6.389999866485596,6.045000076293945,6.389999866485596,1666300,0.0,0.0,0.0,86.33,74.48,6.86,13.88,14.46
2026-03-09,6.289999961853027,6.434999942779541,6.119999885559082,6.329999923706055,2671600,0.0,0.0,0.0,87.9,78.95,2.76,9.93,12.86
2026-03-10,6.309999942779541,6.309999942779541,5.690000057220459,6.0,2113000,0.0,0.0,0.0,80.59,79.5,-3.07,2.77,6.74
2026-03-11,6.110000133514404,6.218999862670898,5.75,5.940000057220459,2089800,0.0,0.0,0.0,74.23,77.74,-4.07,0.66,5.41
2026-03-12,5.909999847412109,6.039999961853027,5.744999885559082,5.78000020980835,6411700,0.0,0.0,0.0,63.79,73.09,-5.06,-2.76,2.17
2026-03-13,4.849999904632568,5.190000057220459,4.809999942779541,4.880000114440918,9980200,0.0,0.0,0.0,43.94,63.37,-15.66,-17.05,-13.22
2026-03-16,4.809999942779541,5.150000095367432,4.690000057220459,4.96999979019165,6310700,0.0,0.0,0.0,34.57,53.77,-9.87,-14.85,-11.12
2026-03-17,5.0,5.255000114440918,4.989999771118164,5.059999942779541,4058200,0.0,0.0,0.0,30.02,45.85,-4.99,-12.12,-9.16
2026-03-18,4.96999979019165,5.070000171661377,4.710000038146973,4.739999771118164,3411800,0.0,0.0,0.0,20.97,37.56,-6.8,-15.94,-14.27
2026-03-19,4.75,4.909999847412109,4.671000003814697,4.739999771118164,4016400,0.0,0.0,0.0,15.28,30.13,-2.83,-13.55,-13.76
2026-03-20,4.619999885559082,4.84499979019165,4.550000190734863,4.809999942779541,3280900,0.0,0.0,0.0,15.11,25.13,-1.11,-9.67,-12.03
2026-03-23,4.860000133514404,4.925000190734863,4.732999801635742,4.800000190734863,2941100,0.0,0.0,0.0,15.07,21.77,-0.62,-7.19,-12.17
2026-03-24,4.710000038146973,4.730000019073486,4.400000095367432,4.460000038146973,2963300,0.0,0.0,0.0,11.26,18.27,-5.31,-11.12,-17.83
2026-03-25,4.534999847412109,4.619999885559082,4.264999866485596,4.400000095367432,3197700,0.0,0.0,0.0,12.06,16.2,-5.21,-9.54,-18.25
2026-03-26,4.28000020980835,4.630000114440918,4.28000020980835,4.519999980926514,2788600,0.0,0.0,0.0,16.62,16.34,-1.7,-4.6,-15.37
2026-03-27,4.440000057220459,4.449999809265137,4.229000091552734,4.28000020980835,2053100,0.0,0.0,0.0,12.74,15.14,-4.72,-8.51,-18.95
2026-03-30,4.380000114440918,4.591000080108643,4.360000133514404,4.519999980926514,3015900,0.0,0.0,0.0,20.03,16.77,1.89,-2.44,-13.66
2026-03-31,4.519999980926514,4.625,4.460000038146973,4.590000152587891,2598300,0.0,0.0,0.0,30.64,21.39,2.87,0.09,-11.25
2026-04-01,4.579999923706055,4.605000019073486,4.285999774932861,4.519999980926514,2893300,0.0,0.0,0.0,34.36,25.72,0.76,-0.96,-11.4
2026-04-02,4.550000190734863,4.644999980926514,4.400000095367432,4.579999923706055,2270600,0.0,0.0,0.0,39.72,30.38,1.82,0.7,-8.68
2026-04-06,4.579999923706055,4.708000183105469,4.46999979019165,4.630000114440918,1187800,0.0,0.0,0.0,53.16,37.98,1.36,2.21,-6.04
2026-04-07,4.639999866485596,4.639999866485596,4.420000076293945,4.46999979019165,1198100,0.0,0.0,0.0,52.21,42.72,-1.93,-0.6,-7.54
2026-04-08,4.599999904632568,4.730000019073486,4.394999980926514,4.440000057220459,1637200,0.0,0.0,0.0,48.85,44.76,-1.94,-1.22,-6.65
2026-04-09,4.300000190734863,4.320000171661377,4.0,4.090000152587891,2293600,0.0,0.0,0.0,36.67,42.07,-7.92,-8.38,-12.31
2026-04-10,4.090000152587891,4.114999771118164,3.880000114440918,3.920000076293945,2417500,0.0,0.0,0.0,26.02,36.72,-9.05,-10.99,-14.24
2026-04-13,3.950000047683716,4.436999797821045,3.950000047683716,4.420000076293945,2807000,0.0,0.0,0.0,38.52,37.32,3.56,0.05,-2.81
2026-04-14,4.510000228881836,4.565000057220459,4.179999828338623,4.269999980926514,4115000,0.0,0.0,0.0,40.98,38.54,0.99,-2.8,-5.38
2026-04-15,4.449999809265137,4.635000228881836,4.389999866485596,4.579999923706055,2085900,0.0,0.0,0.0,54.77,43.95,7.61,4.28,2.03
2026-04-16,4.929999828338623,4.949999809265137,4.639999866485596,4.71999979019165,3149200,0.0,0.0,0.0,62.68,50.19,7.71,6.98,5.17
2026-04-17,4.940000057220459,4.940000057220459,4.539999961853027,4.579999923706055,4285200,0.0,0.0,0.0,63.59,54.66,1.46,3.81,2.23
2026-04-20,4.769999980926514,4.840000152587891,4.610000133514404,4.71999979019165,4146400,0.0,0.0,0.0,68.56,59.29,3.19,6.76,5.46
2026-04-21,4.730000019073486,4.960000038146973,4.598999977111816,4.670000076293945,4397400,0.0,0.0,0.0,70.09,62.89,0.34,5.16,4.5
2026-04-22,4.980000019073486,5.099999904632568,4.855000019073486,5.0,4081800,0.0,0.0,0.0,77.33,67.71,5.53,11.19,11.21
2026-04-23,4.570000171661377,4.630000114440918,4.130000114440918,4.349999904632568,3843200,0.0,0.0,0.0,63.15,66.19,-6.73,-3.82,-3.19
2026-04-24,4.369999885559082,4.570000171661377,4.320000171661377,4.570000171661377,2090300,0.0,0.0,0.0,57.22,63.2,-1.97,-0.39,1.65
2026-04-27,4.409999847412109,4.579999923706055,4.335000038146973,4.340000152587891,2258300,0.0,0.0,0.0,45.36,57.25,-5.36,-5.24,-3.53
2026-04-28,4.429999828338623,4.550000190734863,4.409999847412109,4.46999979019165,2802900,0.0,0.0,0.0,41.93,52.14,-1.67,-2.83,-0.59
2026-04-29,4.380000114440918,4.489999771118164,4.309999942779541,4.480000019073486,1920200,0.0,0.0,0.0,39.98,48.09,0.86,-2.4,-0.24
2026-04-30,4.380000114440918,4.59499979019165,4.21999979019165,4.570000171661377,2298000,0.0,0.0,0.0,41.77,45.98,1.87,-0.11,1.7
2026-05-01,4.739999771118164,4.848999977111816,4.5,4.739999771118164,4570200,0.0,0.0,0.0,48.81,46.93,4.87,3.25,5.3
2026-05-04,4.730000019073486,4.940000057220459,4.620999813079834,4.880000114440918,3107600,0.0,0.0,0.0,58.31,50.72,5.45,5.93,8.11
2026-05-05,4.860000133514404,4.96999979019165,4.659999847412109,4.929999828338623,2794100,0.0,0.0,0.0,70.62,57.35,4.45,6.41,8.66
2026-05-06,4.849999904632568,4.880000114440918,4.650000095367432,4.71999979019165,3470400,0.0,0.0,0.0,69.3,61.34,-1.01,2.5,3.71
2026-05-07,4.860000133514404,5.070000171661377,4.840000152587891,4.949999809265137,4023500,0.0,0.0,0.0,74.83,65.83,2.19,6.11,7.75
2026-05-08,4.840000152587891,4.840000152587891,4.550000190734863,4.820000171661377,2079000,0.0,0.0,0.0,73.42,68.36,-0.82,2.77,3.9
2026-05-11,4.739999771118164,4.90500020980835,4.505000114440918,4.559999942779541,2936300,0.0,0.0,0.0,62.28,66.33,-4.92,-3.23,-1.85
2026-05-12,4.579999923706055,4.59499979019165,4.3460001945495605,4.360000133514404,2469900,0.0,0.0,0.0,47.01,59.89,-6.88,-7.25,-6.25
2026-05-13,4.269999980926514,4.269999980926514,4.065000057220459,4.179999828338623,2882100,0.0,0.0,0.0,35.15,51.65,-8.61,-10.51,-9.73
2026-05-14,4.199999809265137,4.25,4.03000020980835,4.21999979019165,3091700,0.0,0.0,0.0,29.53,44.27,-4.7,-8.97,-8.37
2026-05-15,4.349999904632568,4.614999771118164,4.324999809265137,4.590000152587891,3377200,0.0,0.0,0.0,37.63,42.06,4.75,-0.67,-0.35
2026-05-18,4.550000190734863,4.900000095367432,4.5,4.880000114440918,4513200,0.0,0.0,0.0,52.33,45.48,9.76,5.6,5.77
2026-05-19,5.179999828338623,5.239999771118164,4.735000133514404,4.860000133514404,8623300,0.0,0.0,0.0,57.75,49.57,6.91,5.33,5.12
2026-05-20,4.650000095367432,4.800000190734863,4.519999980926514,4.789999961853027,4742100,0.0,0.0,0.0,59.44,52.86,2.61,3.66,3.84
2026-05-21,4.53000020980835,4.579999923706055,4.364999771118164,4.440000057220459,4357300,0.0,0.0,0.0,50.92,52.21,-5.77,-2.84,-3.84
2026-05-22,4.480000019073486,4.635000228881836,4.380000114440918,4.460000038146973,4188100,0.0,0.0,0.0,45.79,50.07,-4.82,-1.63,-3.3
2026-05-26,4.360000133514404,4.409999847412109,4.239999771118164,4.300000190734863,3305000,0.0,0.0,0.0,37.97,46.04,-5.91,-4.61,-6.72
2026-05-27,4.190000057220459,4.429999828338623,4.190000057220459,4.210000038146973,3647400,0.0,0.0,0.0,30.27,40.78,-5.18,-6.3,-8.42
2026-05-28,4.25,4.445000171661377,4.164999961853027,4.329999923706055,3133800,0.0,0.0,0.0,25.3,35.62,-0.41,-3.95,-5.65
2026-05-29,4.46999979019165,5.010000228881836,4.440000057220459,4.960000038146973,6767300,0.0,0.0,0.0,41.52,37.59,11.41,8.25,7.62
2026-06-01,5.380000114440918,5.585999965667725,5.085000038146973,5.539999961853027,13306100,0.0,0.0,0.0,59.93,45.03,18.68,18.45,19.17
2026-06-02,5.289999961853027,5.440000057220459,4.96999979019165,5.039999961853027,9063000,0.0,0.0,0.0,60.48,50.18,4.65,7.39,8.22
2026-06-03,4.929999828338623,4.949999809265137,4.670000076293945,4.809999942779541,5430400,0.0,0.0,0.0,55.45,51.94,-2.55,2.6,3.42
2026-06-04,5.070000171661377,5.179999828338623,4.889999866485596,4.889999866485596,10584800,0.0,0.0,0.0,53.97,52.62,-3.13,4.09,4.95
2026-06-05,4.940000057220459,5.03000020980835,4.539999961853027,4.630000114440918,8548400,0.0,0.0,0.0,46.89,50.71,-7.07,-1.84,-0.29
2026-06-08,4.539999961853027,4.599999904632568,4.369999885559082,4.400000095367432,5617200,0.0,0.0,0.0,36.77,46.06,-7.45,-6.6,-4.81
2026-06-09,4.300000190734863,4.400000095367432,3.9700000286102295,4.130000114440918,7082800,0.0,0.0,0.0,27.82,39.98,-9.67,-12.02,-10.24
2026-06-10,3.950000047683716,4.150000095367432,3.920000076293945,3.9800000190734863,4736900,0.0,0.0,0.0,19.74,33.23,-9.67,-14.79,-13.14
2026-06-11,3.859999895095825,3.930000066757202,3.450000047683716,3.4600000381469727,16533600,0.0,0.0,0.0,13.32,26.6,-16.02,-24.52,-23.89
2026-06-12,2.9600000381469727,3.058000087738037,2.7799999713897705,3.0,21151000,0.0,0.0,0.0,11.64,21.61,-20.93,-31.63,-33.11
2026-06-15,3.0899999141693115,3.240000009536743,3.059999942779541,3.0799999237060547,11299600,0.0,0.0,0.0,11.92,18.38,-12.75,-25.64,-30.15
2026-06-16,3.0399999618530273,3.200000047683716,2.990000009536743,3.0899999141693115,7479500,0.0,0.0,0.0,12.25,16.34,-6.98,-21.71,-28.47
2026-06-17,3.009999990463257,3.069999933242798,2.75,2.765000104904175,7799900,0.0,0.0,0.0,8.39,13.69,-10.2,-26.12,-34.4
2026-06-18,2.7100000381469727,2.7799999713897705,2.5999999046325684,2.7300000190734863,7087300,0.0,0.0,0.0,7.76,11.71,-6.92,-22.59,-33.61
2026-06-22,2.674999952316284,2.8499999046325684,2.619999885559082,2.7100000381469727,5690700,0.0,0.0,0.0,7.21,10.21,-5.74,-18.73,-32.68
