date,open,high,low,close,volume,dividends,stock_splits
2024-04-25,150.08950510920468,155.20721069723666,149.63326920623868,154.72122192382812,57109700,0.0,0.0
2024-04-26,172.9406579042473,173.2778823744627,168.25934724716632,170.54049682617188,64665300,0.0,0.0
2024-04-29,167.67417460775002,168.1601634153097,163.8557430067843,164.78802490234375,45610000,0.0,0.0
2024-04-30,164.25246727701446,166.72206177178046,161.26714620693434,161.44566345214844,33562900,0.0,0.0
2024-05-01,162.9532108598106,165.75008702003925,161.75312275558537,162.51681518554688,33493200,0.0,0.0
2024-05-02,163.43914975044652,165.36324928594854,162.54653343140467,165.254150390625,24294500,0.0,0.0
2024-05-03,166.18649443027212,166.58322467748795,161.71346872060798,165.86912536621094,34662400,0.0,0.0
2024-05-06,166.08730795373265,166.76172661144676,164.6690220425713,166.72206115722656,21871300,0.0,0.0
2024-05-07,167.1187643454893,170.35203588113026,167.00966543700736,169.84622192382812,28039700,0.0,0.0
2024-05-08,167.6146567610361,168.75522381569002,167.35679350646177,167.99154663085938,19569100,0.0,0.0
2024-05-09,168.00148335133193,169.29083007689735,166.8013952497484,168.5668182373047,15346700,0.0,0.0
2024-05-10,166.65258906406663,168.4576770537119,164.8276759187619,167.2675018310547,29799900,0.0,0.0
2024-05-13,162.9135222794407,167.89237656675422,162.65565899989346,167.75352478027344,31327600,0.0,0.0
2024-05-14,168.37834489380802,169.84620861991712,167.41629508538105,168.94366455078125,25127100,0.0,0.0
2024-05-15,169.23129226677884,171.2347227383607,169.11226565697544,171.0958709716797,26948400,0.0,0.0
2024-05-16,171.8694782348091,173.68447893916473,171.27440571230892,172.75218200683594,27867900,0.0,0.0
2024-05-17,172.75219674772163,174.8250760090424,172.2662230829347,174.61679077148438,24479300,0.0,0.0
2024-05-20,174.74573004665857,177.30458297385175,174.63663113812171,175.46974182128906,22554400,0.0,0.0
2024-05-21,175.44989566739218,176.6896490712989,174.36883433127562,176.39212036132812,16989400,0.0,0.0
2024-05-22,175.19205213168274,175.69786612928917,173.7737813421162,174.93418884277344,17880000,0.0,0.0
2024-05-23,175.61853049301604,176.78885054238378,171.53229263275466,172.12738037109375,21024900,0.0,0.0
2024-05-24,173.54562953855606,174.32916213437795,172.22653015180546,173.55555725097656,16579400,0.0,0.0
2024-05-28,173.01999755281523,175.8168887472588,172.94065151179802,174.95401000976562,20572200,0.0,0.0
2024-05-29,173.99196607552997,175.3904117210104,173.28779452948098,174.45811462402344,23388700,0.0,0.0
2024-05-30,173.7638243254379,173.78366461622676,170.38177359705276,170.69915771484375,22931500,0.0,0.0
2024-05-31,170.4511996843366,171.64135980722156,168.05103914863497,171.08595275878906,37638900,0.0,0.0
2024-06-03,171.12566288057238,173.09935606710764,169.75698519210337,171.75050354003906,27459100,0.0,0.0
2024-06-04,171.85958824102724,172.42492310208857,170.480982952228,172.3654022216797,26879600,0.0,0.0
2024-06-05,173.76382171770578,175.20193253730815,172.50422811140098,173.97210693359375,22068500,0.0,0.0
2024-06-06,174.45811286491957,175.69786641038863,174.3093484929474,175.28131103515625,23251000,0.0,0.0
2024-06-07,175.59868809544102,176.4119585188029,172.8712304058679,173.02992248535156,19661400,0.0,0.0
2024-06-10,173.7349014501534,175.81014466476933,171.54049500356726,173.7746124267578,23726700,0.2,0.0
2024-06-11,174.97607487552963,175.59169348463175,172.54337230776866,175.3732452392578,21540600,0.0,0.0
2024-06-12,176.99174796777623,179.13650434238232,174.8668546571235,176.5349884033203,27864700,0.0,0.0
2024-06-13,174.8668444097431,175.49240210344783,173.64553119205647,173.92355346679688,20913300,0.0,0.0
2024-06-14,172.99018739624864,175.8101362841722,172.92067425165644,175.5420379638672,18063600,0.0,0.0
2024-06-17,174.2214424940307,177.10096546528715,173.57602172386774,175.98887634277344,19618500,0.0,0.0
2024-06-18,175.88958192240335,176.13781719186318,172.87104771224654,173.8540496826172,21869900,0.0,0.0
2024-06-20,174.1320835908328,176.03852876935733,173.7547762588124,175.05552673339844,20160100,0.0,0.0
2024-06-21,175.75057482727152,179.57340412547137,175.36332840403423,178.3620147705078,57759000,0.0,0.0
2024-06-24,178.88826202454848,179.61310474396652,177.40877441541713,177.95489501953125,18298000,0.0,0.0
2024-06-25,178.35205317535076,182.9890857129205,178.15346801046124,182.73092651367188,23130200,0.0,0.0
2024-06-26,181.3408244497642,183.20754327614856,181.19187420519867,182.58200073242188,19839000,0.0,0.0
2024-06-27,182.87989825318604,184.7367085522993,182.7210391800813,184.10122680664065,18848900,0.0,0.0
2024-06-28,183.01890751714416,183.82318736943728,180.67556595744807,180.8642120361328,29156600,0.0,0.0
2024-07-01,181.73798367721864,182.58198955820285,180.0202000494524,181.69827270507807,16006100,0.0,0.0
2024-07-02,180.76493422110232,184.26009121150625,180.27838761712013,183.9324188232422,17372500,0.0,0.0
2024-07-03,183.545146815405,184.77638393795385,182.7011409192061,184.50830078125,10242100,0.0,0.0
2024-07-05,184.54803142014995,189.512736865488,184.48845737897847,189.25457763671875,20967500,0.0,0.0
2024-07-08,188.5595174000676,188.82761575155533,186.45448702073384,187.69566345214844,21035900,0.0,0.0
2024-07-09,188.96660951335545,190.0092006499996,187.3878368741653,187.64599609375,15121400,0.0,0.0
2024-07-10,187.8148056046968,190.3964585608689,187.6956575193925,189.8304748535156,15952500,0.0,0.0
2024-07-11,188.50987272919213,189.51273777959943,183.77353946919203,184.2600860595703,25625800,0.0,0.0
2024-07-12,183.7735195365285,185.78918852634607,183.18768799095287,183.7635955810547,22898400,0.0,0.0
2024-07-15,183.61465170436625,186.9112231651524,183.61465170436625,185.2132873535156,16474000,0.0,0.0
2024-07-16,186.03743905754484,187.34811338839907,182.0755987428797,182.6217193603516,18290700,0.0,0.0
2024-07-17,181.6784348799773,182.2543425380115,178.6300984203773,179.74220275878906,20734100,0.0,0.0
2024-07-18,180.64574423979403,181.21172786784336,175.22429500298105,176.43568420410156,25315700,0.0,0.0
2024-07-19,177.61730362532302,179.0173390205859,175.87965675110726,176.40591430664062,18881900,0.0,0.0
2024-07-22,179.3152104096892,181.41031651236528,178.95775104592673,180.38758850097656,24100300,0.0,0.0
2024-07-23,180.76491875098247,182.31390434397235,180.258509125605,180.5067443847656,36352700,0.0,0.0
2024-07-24,172.37457678491225,174.9462905344622,170.60714288242724,171.4114227294922,49585200,0.0,0.0
2024-07-25,171.30219882616154,172.19583973492487,166.0098210682456,166.09918212890625,44852000,0.0,0.0
2024-07-26,165.9701020997129,166.90346917641645,162.90191767605657,165.8211669921875,41336900,0.0,0.0
2024-07-29,167.63824201341453,169.22693862858085,166.80417515412134,168.3332977294922,20293800,0.0,0.0
2024-07-30,169.0383014663059,170.02130347692145,167.25100442280618,169.0879364013672,18959700,0.0,0.0
2024-07-31,172.01708265341986,173.01994748286455,168.80987271813396,170.32907104492188,25729100,0.0,0.0
2024-08-01,169.0482167160951,172.82139580223534,167.6878923021726,169.5546112060547,24531400,0.0,0.0
2024-08-02,165.26510279286998,167.32048278839775,163.50759297707282,165.48355102539062,29130100,0.0,0.0
2024-08-05,154.4023257364845,163.26928160754815,153.83634209310054,158.1258544921875,53630700,0.0,0.0
2024-08-06,158.20527443608682,159.43652659885458,155.30588884415857,157.172607421875,49004600,0.0,0.0
2024-08-07,160.11173013870962,161.82951376084208,157.3513554761563,157.8180389404297,25138600,0.0,0.0
2024-08-08,159.37695589283803,162.5345161798724,159.07908571101373,160.88623046875,25578800,0.0,0.0
2024-08-09,158.88049573069213,162.6338117767747,157.93720474099763,162.51466369628906,28602300,0.0,0.0
2024-08-12,163.1898651801224,163.73597062856854,160.69757348531624,161.14439392089844,15895300,0.0,0.0
2024-08-13,162.25649966122157,163.56717396094234,161.819603177622,163.00120544433594,18551700,0.0,0.0
2024-08-14,161.25361460284535,162.06783350679044,156.5967339743886,159.23794555664062,40591100,0.0,0.0
2024-08-15,159.36705153563673,160.49900381900557,158.48333453503372,160.16140747070312,31524300,0.0,0.0
2024-08-16,160.33017441375463,163.89482874364478,159.99257813121338,161.80966186523438,24208600,0.0,0.0
2024-08-19,164.1132970310061,165.5133475605536,163.1004929084528,165.4934844970703,22416200,0.0,0.0
2024-08-20,165.72185564699794,167.44957853320707,165.642433695725,165.9998779296875,18341500,0.0,0.0
2024-08-21,163.98421986679392,165.6722318912375,163.50761237161458,164.67929077148438,22902000,0.0,0.0
2024-08-22,166.07930514645545,166.406977492495,162.15719125168386,162.64373779296875,22493300,0.0,0.0
2024-08-23,163.55725630307884,165.00694179876172,162.67353934579646,164.45089721679688,13955700,0.0,0.0
2024-08-26,165.20550875294475,166.36724776645642,163.29906407812496,164.987060546875,14190400,0.0,0.0
2024-08-27,164.6693476557718,165.26511837355503,163.29909924659626,163.5175323486328,11821900,0.0,0.0
2024-08-28,163.87496740248727,164.431027060309,160.38975012916,161.700439453125,16407400,0.0,0.0
2024-08-29,163.15014011129165,164.798425876507,159.11880190681103,160.63800048828125,19699800,0.0,0.0
2024-08-30,161.472070186267,162.50473737235887,160.54864227379994,162.22671508789062,22123800,0.0,0.0
2024-09-03,160.57841450941874,160.707501683565,155.37539838425428,156.2491912841797,38945300,0.0,0.0
2024-09-04,155.55413584223268,157.8776140734706,154.85908019413716,155.34561157226562,19353800,0.0,0.0
2024-09-05,155.19668368087028,158.32444181781332,154.87893528354047,156.1300506591797,18688700,0.0,0.0
2024-09-06,156.18962872176218,156.71588626121135,149.48727669749047,149.8546600341797,37912100,0.0,0.0
2024-09-09,151.63437166613713,152.51926120186218,146.37475041538113,147.856201171875,39260500,0.2,0.0
2024-09-10,149.58620426686707,150.4015036061094,147.48831800096144,147.80648803710938,31118800,0.0,0.0
2024-09-11,149.05925855823048,150.63018908340467,146.673043809541,150.29214477539062,29607700,0.0,0.0
2024-09-12,152.91699025153633,153.931138367879,151.7735836501272,153.8018798828125,29621500,0.0,0.0
2024-09-13,154.53759521680126,157.47067000170316,154.31887229884703,156.5559539794922,29591200,0.0,0.0
2024-09-16,156.4068176480649,157.3414231577179,155.7009025392383,157.1525115966797,18379800,0.0,0.0
2024-09-17,158.107008079676,159.628222536102,157.47068317745328,158.40528869628906,20715600,0.0,0.0
2024-09-18,158.9421720163007,159.57849687987786,157.6894117080279,158.8924560546875,23677300,0.0,0.0
2024-09-19,162.77008449382728,162.8496118323656,160.41368126049775,161.20909118652344,26587700,0.0,0.0
2024-09-20,162.5612924555598,162.78996770160265,161.1295575441582,162.65077209472656,40896400,0.0,0.0
2024-09-23,163.4063921236461,164.53984621775962,160.7417714288647,160.92074584960938,24150900,0.0,0.0
2024-09-24,162.09397212944717,162.28288368359324,159.7674107357338,161.35821533203125,23332100,0.0,0.0
2024-09-25,160.54293101542476,161.87523384572484,160.37390888064178,160.5628204345703,18869200,0.0,0.0
2024-09-26,162.7004790534292,163.13795527115403,161.34828673099906,161.7957000732422,20319300,0.0,0.0
2024-09-27,161.87525844392792,164.74866551423864,161.69629915796872,163.0087127685547,21101300,0.0,0.0
2024-09-30,162.38232355982177,165.19606207708327,162.32265529939457,164.89779663085938,20413900,0.0,0.0
2024-10-01,166.72722798963838,168.18878935347016,163.63508311957565,166.03125,28338100,0.0,0.0
2024-10-02,165.46452779504156,166.5582184121097,163.7842281975384,164.90774536132812,17760200,0.0,0.0
2024-10-03,163.4660733087808,165.6832659184552,162.9788810936898,164.90774536132812,15073100,0.0,0.0
2024-10-04,167.09510397311843,167.26412612073125,164.5299148711692,166.10084533691406,19047400,0.0,0.0
2024-10-07,166.7570727731855,167.5127039344141,161.81560574950586,162.04428100585938,22463100,0.0,0.0
2024-10-08,162.99875730912473,163.78421492779364,161.93489332497202,163.4362335205078,23072700,0.0,0.0
2024-10-09,162.5115774919813,163.89359644421285,158.8228863013817,160.9307098388672,31181800,0.0,0.0
2024-10-10,159.94638493252756,162.13376610989224,159.4790821511072,161.14944458007812,14144100,0.0,0.0
2024-10-11,161.19915249290503,162.9589793006072,160.3142629412503,162.3027801513672,15344300,0.0,0.0
2024-10-14,162.70048027253844,165.27560646204375,162.4618527416689,164.01290893554688,19016100,0.0,0.0
2024-10-15,164.83814757105517,166.71729595706415,163.6848189785555,164.5100555419922,20247200,0.0,0.0
2024-10-16,163.5853584728,164.8480710827429,162.7999008914352,164.2117462158203,16406000,0.0,0.0
2024-10-17,164.77847983302945,165.4148047545223,161.82553046438127,161.9945526123047,21453400,0.0,0.0
2024-10-18,162.25307524146882,163.76435267205474,162.14370618061358,162.48175048828125,19757700,0.0,0.0
2024-10-21,162.01444125458505,163.5555451703661,161.68633408506915,163.12802124023438,20946500,0.0,0.0
2024-10-22,162.04426180421996,164.81825178422423,162.04426180421996,164.19186401367188,16568100,0.0,0.0
2024-10-23,163.81405642655295,164.86798338254357,161.00030251118483,161.84542846679688,18280500,0.0,0.0
2024-10-24,161.8951051202547,162.3922343449053,160.08554746036015,161.78573608398438,22412500,0.0,0.0
2024-10-25,162.73030140529735,164.63927607521566,162.48173675810202,164.3211212158203,19828900,0.0,0.0
2024-10-28,167.78114595500233,167.78114595500233,163.00870143582344,165.76280212402344,32138600,0.0,0.0
2024-10-29,166.76700909757434,169.4018037804766,166.1306841303376,168.705810546875,42169000,0.0,0.0
2024-10-30,179.64261737988735,180.97493529169347,173.06063100562596,173.45834350585938,68890800,0.0,0.0
2024-10-31,172.13600066532192,175.80481742033143,170.01822493850247,170.12759399414062,44769000,0.0,0.0
2024-11-01,169.0935675366594,171.33064938867685,167.91039737420323,170.30654907226562,31796500,0.0,0.0
2024-11-04,168.95436679599575,169.7497767581588,167.04539198951443,168.26834106445312,21492700,0.0,0.0
2024-11-05,168.45722424913848,169.55091475770118,167.87061532690117,168.7654571533203,18242100,0.0,0.0
2024-11-06,172.8021647148181,175.92413641911588,172.50388407123629,175.49659729003906,33695500,0.0,0.0
2024-11-07,176.3914145518733,180.0403416420051,176.17267645525013,179.7122344970703,25352900,0.0,0.0
2024-11-08,179.612801825818,179.86136646447602,177.0575652294279,177.32601928710938,22006200,0.0,0.0
2024-11-11,177.5547178158643,179.5134086393181,177.44534875364968,179.31455993652344,17450400,0.0,0.0
2024-11-12,178.787601775427,181.442270610524,178.36006265722634,180.57725524902344,25134900,0.0,0.0
2024-11-13,179.423911961303,179.9210412566759,177.51492211643085,177.8529815673828,23184000,0.0,0.0
2024-11-14,177.2564251654299,177.79333331489727,173.3191695348543,174.57192993164062,31007500,0.0,0.0
2024-11-15,172.73255057874763,173.1402002652983,170.236966835199,171.4996795654297,32504600,0.0,0.0
2024-11-18,172.4243223269658,174.4327289205199,171.90730361382492,174.2935333251953,20135300,0.0,0.0
2024-11-19,172.72260407260163,177.8430297605378,172.56351905656155,177.0973358154297,23434900,0.0,0.0
2024-11-20,176.32182739630647,176.65987170014589,172.78226898861567,174.96963500976562,18997100,0.0,0.0
2024-11-21,172.90156244724747,173.13025284582125,162.7601278802168,166.66757202148438,59734400,0.0,0.0
2024-11-22,164.89779453956643,165.5042928911672,162.9589781366054,163.8140411376953,38604600,0.0,0.0
2024-11-25,165.13641317917185,167.6618386099698,164.65917328191838,166.6874542236328,33135300,0.0,0.0
2024-11-26,166.66758166120195,168.84501052303654,166.61786569467208,168.14901733398438,20486700,0.0,0.0
2024-11-27,168.0297170852908,168.5069570042289,167.0553478258637,168.25839233398438,19266500,0.0,0.0
2024-11-29,167.53258236969043,168.4572356311654,166.20027942100947,167.97999572753906,14257200,0.0,0.0
2024-12-02,167.80101718271035,171.0920105058346,167.60216850996696,170.50540161132812,23789100,0.0,0.0
2024-12-03,170.50541009739786,171.68856506902026,169.86908521024029,170.35626220703125,22248700,0.0,0.0
2024-12-04,170.1673520843779,173.90577410275552,170.0778724521122,173.36886596679688,31615100,0.0,0.0
2024-12-05,174.35320380974355,175.04918185581036,171.3406012044101,171.64881896972656,21356200,0.0,0.0
2024-12-06,171.0423185605895,174.07481055205204,170.8732964064665,173.70693969726562,21462400,0.0,0.0
2024-12-09,173.1594882756702,175.44889212655548,172.85090205616515,174.56298828125,25389600,0.2,0.0
2024-12-10,182.00855531536865,185.502397306232,180.21683563214248,184.31787109375,54813000,0.0,0.0
2024-12-11,184.4572441868518,194.7098490277896,183.99936950512352,194.5008087158203,67894100,0.0,0.0
2024-12-12,194.1026332379752,194.2817976089121,190.8277801088796,191.07662963867188,34817500,0.0,0.0
2024-12-13,190.13098313312,191.8430690578737,188.7672926142497,188.94647216796875,25143500,0.0,0.0
2024-12-16,191.9824373683128,198.08423292115103,191.73358782946704,195.7550048828125,44934900,0.0,0.0
2024-12-17,196.3422712265007,200.4930793963414,194.082713332717,194.52069091796875,43504000,0.0,0.0
2024-12-18,194.3215957893709,196.09340298706192,186.8760231165697,187.5329742431641,34166100,0.0,0.0
2024-12-19,190.7481544210868,192.14170577082703,187.51311039837407,187.6425018310547,32265200,0.0,0.0
2024-12-20,184.9250632184404,192.00234452424112,184.36764269628745,190.52915954589844,63462900,0.0,0.0
2024-12-23,191.733584504118,194.20218282242337,189.2749498878787,193.73434448242188,25675000,0.0,0.0
2024-12-24,193.94335970742864,195.20751953125,192.88824016493567,195.20751953125,10403300,0.0,0.0
2024-12-26,194.25194880473947,195.8445919686037,193.48550314170072,194.69989013671875,12046600,0.0,0.0
2024-12-27,194.05286442098583,194.42117206113832,189.77264937982267,191.87294006347656,18891400,0.0,0.0
2024-12-30,188.9265638700057,191.66390866604783,188.24968525874627,190.3599395751953,14264700,0.0,0.0
2024-12-31,190.200686332056,191.07664159206533,187.6425057152429,188.4288787841797,17466900,0.0,0.0
2025-01-02,189.7726449747486,191.11643850843905,186.63714698089748,188.55825805664065,20370800,0.0,0.0
2025-01-03,190.489329030918,192.32087307336823,189.1057262831341,190.9073944091797,18596200,0.0,0.0
2025-01-06,193.0873348986171,197.3078286539653,192.95794346331456,195.9640350341797,29563600,0.0,0.0
2025-01-07,196.2029332360376,200.0750314967655,193.7044893056301,194.59039306640625,26487200,0.0,0.0
2025-01-08,191.683825506133,195.38669258245943,191.4946974309445,193.0574645996093,24864800,0.0,0.0
2025-01-10,193.40587493046604,195.6156601682069,189.4342306110514,191.15626525878903,26665200,0.0,0.0
2025-01-13,189.19533519391976,190.3002125683441,186.4977995025927,190.1309967041016,21823700,0.0,0.0
2025-01-14,190.3599316953501,191.0965165438372,187.44340746260227,188.7872009277344,17174900,0.0,0.0
2025-01-15,192.20141470890871,195.4563707355863,190.977079303644,194.6501007080078,21776000,0.0,0.0
2025-01-16,193.2465827004133,194.5804124827484,191.92270143099617,192.02224731445312,17815400,0.0,0.0
2025-01-17,195.6255822249555,196.32235783888785,192.85837679493184,195.0980224609375,27735100,0.0,0.0
2025-01-21,198.15390588987137,201.3590737795005,196.9594160260543,197.1385955810547,29971300,0.0,0.0
2025-01-22,198.14394994474472,199.5574134711185,196.62099201618707,197.4571228027344,26200600,0.0,0.0
2025-01-23,197.22817603032425,199.37823954000908,194.301703229126,197.06890869140625,26951400,0.0,0.0
2025-01-24,197.18839021308668,199.9754930323733,197.08884431729592,199.28868103027344,23877500,0.0,0.0
2025-01-27,191.5245367578076,195.97396712425268,189.8522601854155,190.9272918701172,41728900,0.0,0.0
2025-01-28,191.8629920734772,194.5804247512124,189.80251062684363,194.40126037597656,24157900,0.0,0.0
2025-01-29,194.66006109436609,195.8843965743092,192.5398581602494,194.51075744628903,18218300,0.0,0.0
2025-01-30,197.08882990069444,200.4731774700257,196.7603466948981,199.94561767578125,24354700,0.0,0.0
2025-01-31,201.0704225036096,204.5344037474068,200.87134591508243,203.0811309814453,32001100,0.0,0.0
2025-02-03,199.76644678798675,202.8123625387659,199.17916555521708,200.303955078125,27838300,0.0,0.0
2025-02-04,202.4540365472158,206.09719755510824,201.8767037764101,205.43028259277344,43856400,0.0,0.0
2025-02-05,190.1907258827333,191.86298743209488,187.16470709545555,190.44952392578125,70373900,0.0,0.0
2025-02-06,188.62795003909463,191.21599131294843,187.85154069465264,190.71829223632807,29297400,0.0,0.0
2025-02-07,190.17080550398344,190.3001969256679,182.39674895869484,184.4870758056641,49315000,0.0,0.0
2025-02-10,186.4878479252447,187.33392723255807,185.00469922620795,185.6118927001953,23105600,0.0,0.0
2025-02-11,184.17851963260875,186.0797337562697,183.4319710154344,184.4671936035156,21239500,0.0,0.0
2025-02-12,182.37685574217417,184.25815769470228,180.9932528796119,182.7650604248047,22072600,0.0,0.0
2025-02-13,183.47178484763324,185.42275661553663,182.2972071930808,185.2834014892578,21402500,0.0,0.0
2025-02-14,184.208378132258,185.54220800020585,183.4717932262479,184.37759399414065,20448400,0.0,0.0
2025-02-18,184.7458813741661,185.10422527431425,180.90364435146645,182.9243011474609,29916700,0.0,0.0
2025-02-19,183.22292953180167,184.6065322377559,182.7451275237452,184.4174041748047,19549400,0.0,0.0
2025-02-20,183.9495944004591,184.4572420256199,181.879164276778,183.710693359375,20441500,0.0,0.0
2025-02-21,184.2979471354832,184.48707519951907,178.25588873059436,178.83322143554688,35199200,0.0,0.0
2025-02-24,181.15250613186583,182.27729565940143,178.06676593885825,178.42510986328125,29854200,0.0,0.0
2025-02-25,177.2206855678133,177.91747644578498,173.8861107726199,174.6127471923828,41913400,0.0,0.0
2025-02-26,174.26436286262216,175.26970953461128,170.79041782229913,171.93511962890625,35431300,0.0,0.0
2025-02-27,173.1893356179125,173.75670468511518,167.16717356296937,167.72459411621094,39991000,0.0,0.0
2025-02-28,167.90374066525882,169.82486685567105,166.00254187779413,169.4963836669922,48130600,0.0,0.0
2025-03-03,171.13879690224084,172.57217267061702,165.1664079930538,166.24143981933594,40770500,0.0,0.0
2025-03-04,165.47499722472898,172.49254217135646,165.03701959982106,170.13345336914062,45388000,0.0,0.0
2025-03-05,169.73529012314535,172.98028249678805,168.2820021982634,172.22378540039062,30954900,0.0,0.0
2025-03-06,169.7452376648565,174.0055403400316,169.715376936786,171.55686950683594,28302000,0.0,0.0
2025-03-07,170.4718800246714,174.1648138078256,169.48644558654738,173.05992126464844,27385800,0.0,0.0
2025-03-10,167.6785699397653,167.87789100205225,163.12436954047675,165.2968292236328,43604000,0.2,0.0
2025-03-11,164.34014854098334,166.17378667553444,160.81237268027317,163.47314453125,39587400,0.0,0.0
2025-03-12,166.0043948548276,167.06072965689114,162.96493090148982,166.53256225585938,28372400,0.0,0.0
2025-03-13,165.4662354123983,165.55593597038603,161.54982298434425,162.19757080078125,31756200,0.0,0.0
2025-03-14,162.70583694230132,165.91471168879448,161.88866309227078,164.9181671142578,31995900,0.0,0.0
2025-03-17,164.4597537744784,165.72536967150563,163.10445251309577,163.72230529785156,31184300,0.0,0.0
2025-03-18,163.11441622190455,163.6824539546305,156.1784741770312,160.1148223876953,42074800,0.0,0.0
2025-03-19,161.20102488744715,165.29682318848322,160.44365657902026,163.32366943359375,34275600,0.0,0.0
2025-03-20,161.0117117252994,164.32023175461748,160.4038189359583,162.23745727539062,28138500,0.0,0.0
2025-03-21,160.65294731947398,163.67247597151626,160.33404577702316,163.42333984375,36625800,0.0,0.0
2025-03-24,166.49272355185173,167.73840437615397,164.5693844519754,167.10060119628906,30879100,0.0,0.0
2025-03-25,168.3960847024039,170.04039224469534,167.7383768915496,169.9706268310547,24174400,0.0,0.0
2025-03-26,168.41602720143118,169.0239199788623,164.27039826701778,164.48963928222656,28901600,0.0,0.0
2025-03-27,164.06113851285755,164.84840203770966,161.44022141043914,161.6793975830078,24508300,0.0,0.0
2025-03-28,159.9354404969839,161.26084657481337,153.0991442674789,153.79672241210938,48669300,0.0,0.0
2025-03-31,152.58093987828155,155.00253588696825,150.13940872047658,154.10565185546875,54603500,0.0,0.0
2025-04-01,153.0891615011919,157.55369181763876,153.0891615011919,156.52725219726562,30672900,0.0,0.0
2025-04-02,154.61387643325034,157.86262130532444,154.1654344397735,156.49734497070312,25041700,0.0,0.0
2025-04-03,150.5878246808448,152.2520520017812,149.87031149736717,150.1991729736328,46883400,0.0,0.0
2025-04-04,147.49855413182192,150.54799324363788,144.8776522919314,145.09689331054688,62259500,0.0,0.0
2025-04-07,141.06087632952463,152.3218321659185,140.04439668677543,146.24290466308594,76794100,0.0,0.0
2025-04-08,150.69745588802078,151.7139355045659,142.5357542501846,144.19998168945312,52200200,0.0,0.0
2025-04-09,143.9209605893895,158.99868434001036,143.41272834835817,158.16159057617188,70406200,0.0,0.0
2025-04-10,155.99906254121734,157.17499290712513,149.41190307502956,152.29193115234375,48022000,0.0,0.0
2025-04-11,152.37164602184413,157.1251674838408,152.29193584419684,156.5970001220703,33636200,0.0,0.0
2025-04-14,159.44710369836886,161.16116127961118,157.015532933999,158.52032470703125,30333000,0.0,0.0
2025-04-15,158.58016077482426,159.09835306326136,154.67370742979892,155.7698974609375,27551500,0.0,0.0
2025-04-16,152.57096991980188,155.35132240030543,150.98645259897873,152.8001708984375,28187400,0.0,0.0
2025-04-17,153.75685420118594,154.14550597318726,147.98686786207978,150.63768005371094,33046600,0.0,0.0
2025-04-21,148.3655699603778,148.43532017759705,145.59517709463205,147.1597442626953,26049100,0.0,0.0
2025-04-22,148.3755226432022,151.6641228147109,148.02672595604838,150.9466094970703,26971800,0.0,0.0
2025-04-23,155.07229801307963,156.98566172409713,153.27851478210604,154.81320190429688,31128800,0.0,0.0
2025-04-24,155.6104249592094,159.03854063446718,155.2516683139833,158.7296142578125,45894000,0.0,0.0
2025-04-25,164.49961422965615,165.52605388757996,160.4835257508864,161.40036010742188,56034000,0.0,0.0
2025-04-28,161.86871096281394,162.58622419769722,158.05195902405725,160.0550079345703,29745800,0.0,0.0
2025-04-29,159.76601814888411,160.18456500527563,156.97569056687874,159.6065673828125,26809000,0.0,0.0
2025-04-30,157.43410788690483,158.71965890557,154.86302105563792,158.25128173828125,34981100,0.0,0.0
2025-05-01,159.8955762805081,161.39039316416392,158.3609043039561,160.74264526367188,30203200,0.0,0.0
2025-05-02,162.84534306658284,164.39995007912242,161.3106559960053,163.46319580078125,25715000,0.0,0.0
2025-05-05,162.436752596043,164.81849332954616,162.15772135408076,163.642578125,21341800,0.0,0.0
2025-05-06,161.6096198520829,164.23053675483612,160.63301049910467,162.66595458984375,21277200,0.0,0.0
2025-05-07,163.5130310359637,164.42985019413678,147.32914212449143,150.85691833496094,127490100,0.0,0.0
2025-05-08,154.46440047734652,155.39117958130052,152.37165090458322,153.74688720703125,57498700,0.0,0.0
2025-05-09,153.6372746936992,154.5142387821615,151.67408067225014,152.22218322753906,32435300,0.0,0.0
2025-05-12,156.94582603657074,158.5502635684621,155.71010516777588,157.9124755859375,44138800,0.0,0.0
2025-05-13,158.24129609505388,160.01515931291138,155.62039437316713,158.97874450683594,42382100,0.0,0.0
2025-05-14,159.4072742222668,166.4229412214118,159.0584775444673,164.79856872558594,48755900,0.0,0.0
2025-05-15,165.26694125278715,165.6356730691148,161.80893051621783,163.39344787597656,33146700,0.0,0.0
2025-05-16,167.15039440077075,168.76480673115492,165.04768502743335,165.61572265625,42846900,0.0,0.0
2025-05-19,163.94152401470697,166.06416858529283,163.65253281131433,165.96450805664062,30426100,0.0,0.0
2025-05-20,165.8548915457752,167.91774593119885,162.337090725838,163.41336059570312,46607700,0.0,0.0
2025-05-21,163.1243721968136,172.54171471286378,162.9948165454298,167.9775390625,73416000,0.0,0.0
2025-05-22,171.25618084668935,176.15917803179707,170.12012070875053,170.27955627441406,74864400,0.0,0.0
2025-05-23,168.47580548761593,169.3727046333075,167.30985028367255,167.88784790039062,35211400,0.0,0.0
2025-05-27,169.5720138436325,172.5716072803838,169.41256307598843,172.3025360107422,37995700,0.0,0.0
2025-05-28,172.56165823831284,174.66436785084326,171.31597754856884,171.76441955566406,34784000,0.0,0.0
2025-05-29,173.39874848808273,173.81729536660228,170.04039828273065,171.26614379882812,29317300,0.0,0.0
2025-05-30,170.7579241400477,171.61495310854446,166.86143108525064,171.14657592773438,52639900,0.0,0.0
2025-06-02,167.2600475640349,169.28303195267003,166.8116055203689,168.44593811035156,38612300,0.0,0.0
2025-06-03,166.91124474262,167.89781407143477,164.70887469424017,165.6057586669922,45084900,0.0,0.0
2025-06-04,166.1638436483944,167.63872532387313,165.78515185366567,167.4693145751953,26900800,0.0,0.0
2025-06-05,169.75139851627495,170.33935616350743,167.01090094696792,167.62876892089844,36379100,0.0,0.0
2025-06-06,170.239706414102,173.897023068816,170.239706414102,173.07984924316406,35731800,0.0,0.0
2025-06-09,174.14743750903665,176.07310468622353,173.97782168090652,175.69395446777344,28935900,0.21,0.0
2025-06-10,175.80372221831115,180.70268325607967,174.5166301339373,178.19833374023438,61766100,0.0,0.0
2025-06-11,179.3656814209572,179.96432281914957,176.3524694759701,176.9511260986328,31646800,0.0,0.0
2025-06-12,175.78375628436552,176.32255032681226,174.3569797237004,175.30484008789062,20941900,0.0,0.0
2025-06-13,172.05218023736916,176.73163473712606,172.00228964381978,174.27716064453125,27663100,0.0,0.0
2025-06-16,174.33701609632743,176.5420523549515,174.25719419482596,176.3724365234375,27389200,0.0,0.0
2025-06-17,175.304837776751,176.96110799729416,174.1873615915514,175.5542755126953,24973000,0.0,0.0
2025-06-18,175.6141436330853,176.16290971424257,172.81046582918458,172.93020629882812,28707500,0.0,0.0
2025-06-20,173.55876981570484,173.94789206625825,165.08787423262584,166.2652130126953,75659900,0.0,0.0
2025-06-23,165.89603893694584,166.96362443515676,161.63563852290417,164.81846618652344,57671000,0.0,0.0
2025-06-24,166.5445998017471,167.84167918331357,165.75638318822968,166.3949432373047,40524300,0.0,0.0
2025-06-25,167.25299905707695,171.97235685648238,167.17317715297744,170.29612731933594,35479000,0.0,0.0
2025-06-26,172.0421997468365,173.29937576602373,169.5578094698184,173.1497039794922,31796700,0.0,0.0
2025-06-27,173.14969619543672,178.27813555923768,171.3437693802371,178.12847900390625,108140200,0.0,0.0
2025-06-30,180.3734186271616,180.8224035174941,174.1873656755976,175.83364868164062,63378900,0.0,0.0
2025-07-01,175.3447530851258,175.6939567742825,173.139716841545,175.44451904296875,35904500,0.0,0.0
2025-07-02,175.1452013282233,178.45774190844105,174.67627237146584,178.2382354736328,29128900,0.0,0.0
2025-07-03,178.098553649012,179.26592049305205,176.65181774269593,179.12623596191406,21689700,0.0,0.0
2025-07-07,178.65727862884938,178.89674433224096,175.28487562232132,176.3923797607422,34175600,0.0,0.0
2025-07-08,177.4500058972594,177.54977185383785,172.42133277200756,173.9678497314453,40442500,0.0,0.0
2025-07-09,174.85586430994886,179.03644347316074,172.3814460707259,176.2227783203125,43025600,0.0,0.0
2025-07-10,175.2350053597822,178.02869585837095,173.98781666417247,177.22052001953125,29252400,0.0,0.0
2025-07-11,176.39238193299045,181.0219456842772,176.08308157759498,179.7847442626953,34282900,0.0,0.0
2025-07-14,180.6028910460089,183.2569121837853,179.27588047712075,181.1516571044922,32536600,0.0,0.0
2025-07-15,182.3988435351607,183.80567598843865,181.1915734457722,181.5906677246093,33448300,0.0,0.0
2025-07-16,182.82788394956327,183.9154287978237,181.620598638336,182.55848693847656,33104200,0.0,0.0
2025-07-17,181.7303505085708,183.64603043273613,180.07408034072432,183.1671142578125,31992600,0.0,0.0
2025-07-18,184.98301522964096,186.00072543502688,183.2968289565469,184.643783569336,34014500,0.0,0.0
2025-07-21,185.831107725442,189.86201471908177,185.73132654425748,189.6724548339844,45803100,0.0,0.0
2025-07-22,191.0693117786785,191.21896833519165,187.03840453704987,190.90966796875,44660200,0.0,0.0
2025-07-23,191.06931784155387,192.09700016081177,188.7545281975545,189.8021697998047,58681900,0.0,0.0
2025-07-24,196.5868474168703,197.5047763656739,190.57041105035847,191.7377777099609,74881700,0.0,0.0
2025-07-25,191.54821586623893,193.8929365997576,190.82983399147875,192.7455139160156,39785900,0.0,0.0
2025-07-28,193.2144667106556,193.6135762280917,190.41078895772904,192.1468811035156,38139500,0.0,0.0
2025-07-29,191.9972128721756,195.47936925683567,191.64800916549825,195.30975341796875,41389200,0.0,0.0
2025-07-30,195.1600963397073,197.155598285003,194.2521393007246,196.08799743652344,32445400,0.0,0.0
2025-07-31,195.2698429128764,195.54921195775628,190.66022322341527,191.4683990478516,51329200,0.0,0.0
2025-08-01,188.6048696894468,190.40082452841267,187.39759950913643,188.70465087890625,34832200,0.0,0.0
2025-08-04,189.86201672672937,194.830827292421,189.69240089649875,194.6013336181641,31547400,0.0,0.0
2025-08-05,194.2720810365905,197.4149902267785,193.45391800516853,194.232162475586,31602300,0.0,0.0
2025-08-06,194.0625664055758,196.18778087351924,193.2344312618441,195.64898681640625,21562900,0.0,0.0
2025-08-07,196.6167969951023,197.09571318148863,193.8929412029117,196.07801818847656,26321800,0.0,0.0
2025-08-08,196.77642933858343,202.15430596097147,196.72653874979915,200.96697998046875,39161800,0.0,0.0
2025-08-11,200.48808049350347,201.02685931355308,198.6222910686901,200.5479431152344,25832400,0.0,0.0
2025-08-12,200.91710457512625,204.0400699304897,200.1388600495838,202.88267517089844,30397900,0.0,0.0
2025-08-13,203.6709007567403,204.06999503609887,197.0657792947184,201.5057830810547,28342900,0.0,0.0
2025-08-14,201.04680257921203,203.9801926061093,200.777405578413,202.4835662841797,25230400,0.0,0.0
2025-08-15,203.3915308836376,205.97570210941169,200.8273037146201,203.44140625,34931400,0.0,0.0
2025-08-18,203.7407352225592,204.80833601681928,202.0345896716843,203.0423126220703,18526600,0.0,0.0
2025-08-19,202.5733765798653,202.98245812812408,199.51028904350807,201.11666870117188,24240200,0.0,0.0
2025-08-20,200.2785365776033,200.8273026248501,196.1578356580316,198.8717193603516,28955500,0.0,0.0
2025-08-21,199.30075073242188,202.02460654215824,198.9814631231269,199.30075073242188,19774600,0.0,0.0
2025-08-22,202.27403645691825,208.07096677186303,200.84725997228367,205.62648010253903,42827000,0.0,0.0
2025-08-25,205.96572314134983,210.04653613391585,204.81831562838465,208.02110290527344,29928900,0.0,0.0
2025-08-26,207.0432962842493,207.38254318133843,205.23736948208096,206.67413330078125,28464100,0.0,0.0
2025-08-27,205.2373711930947,208.4401585010209,205.1874805997712,207.01336669921875,23022900,0.0,0.0
2025-08-28,206.7838755896793,211.74269881815903,206.43465668224863,211.1640014648437,32339300,0.0,0.0
2025-08-29,210.0365409975429,214.167229203444,209.72724064780297,212.43115234375,39728400,0.0,0.0
2025-09-02,207.9712205067108,211.20392399730977,205.73625278986853,210.8746795654297,47523000,0.0,0.0
2025-09-03,225.7012467158241,230.78976737242823,224.28442698424496,230.1412353515625,103336100,0.0,0.0
2025-09-04,229.13349303754427,231.84737676203943,225.60146147412647,231.7775421142578,51684200,0.0,0.0
2025-09-05,231.677760445174,235.2297512824053,231.37843212445287,234.47146606445312,46588900,0.0,0.0
2025-09-08,235.1505409990516,237.8069358559837,233.3529799966882,233.72247314453125,32474700,0.21,0.0
2025-09-09,233.8523019486149,240.1437578458556,232.91357479962468,239.30490112304688,38061000,0.0,0.0
2025-09-10,238.5758820575914,241.3321473616704,237.5273187664355,238.84552001953125,35141100,0.0,0.0
2025-09-11,239.5545740421724,241.9213539288796,235.9294937696504,240.0438995361328,30599300,0.0,0.0
2025-09-12,240.04388783032,241.7515745971833,237.67710805902945,240.4733123779297,26771600,0.0,0.0
2025-09-15,244.3280782170144,252.06756394348795,244.3280782170144,251.2686462402344,58383800,0.0,0.0
2025-09-16,251.73800966841424,252.696698721273,249.13154999644232,250.8192596435547,34109700,0.0,0.0
2025-09-17,250.879176939906,251.2586662790108,245.94587648389523,249.19146728515625,34108000,0.0,0.0
2025-09-18,251.338548569648,253.64542748570952,249.46110945180465,251.6880798339844,31239500,0.0,0.0
2025-09-19,252.90642848071656,255.6526976942288,251.4683796180924,254.3744354248047,55571400,0.0,0.0
2025-09-22,254.08482475081848,255.4329993925613,249.96043800377367,252.1874084472656,32290500,0.0,0.0
2025-09-23,252.6967057132129,254.0149222449776,250.1401811840686,251.318588256836,26628000,0.0,0.0
2025-09-24,251.3185902465092,252.00765659919705,246.1056707170572,246.80471801757807,28201000,0.0,0.0
2025-09-25,244.0684141454478,246.15559020390248,240.413391282528,245.4565277099609,31020400,0.0,0.0
2025-09-26,246.73481561544992,249.08161830530747,245.63630185383963,246.2055206298828,18503200,0.0,0.0
2025-09-29,247.51375020937843,250.809260938322,242.4406403715287,243.71890258789065,32505800,0.0,0.0
2025-09-30,242.48058753408856,242.9599320717839,238.92541967317948,242.77020263671875,34724300,0.0,0.0
2025-10-01,240.42338523814,245.9658588488797,238.2862890899911,244.5677490234375,31658200,0.0,0.0
2025-10-02,244.8174135056227,246.4751651396655,241.9712890736748,245.356689453125,25483300,0.0,0.0
2025-10-03,244.15830178707057,245.96584369150784,241.33213946713911,245.0171356201172,30249600,0.0,0.0
2025-10-06,244.44791178946247,250.97904766602093,244.2481861721496,250.0902404785156,28894700,0.0,0.0
2025-10-07,247.9331791708485,250.1002333278666,245.18691006468788,245.42657470703125,23181300,0.0,0.0
2025-10-08,244.6276820342493,245.67624536262247,243.489229223314,244.2881317138672,21307100,0.0,0.0
2025-10-09,244.13833003954065,244.42792989328805,238.82554034163272,241.2023162841797,27892100,0.0,0.0
2025-10-10,241.10244578834048,243.75884063652228,235.52003337107624,236.24905395507807,33180300,0.0,0.0
2025-10-13,239.8841293059291,244.1683026351364,239.38480762364867,243.8187713623047,24995000,0.0,0.0
2025-10-14,240.9027282868883,246.7847369413056,240.18370386409973,245.11700439453125,22111600,0.0,0.0
2025-10-15,246.9145672382984,251.76797450819856,245.6562821083569,250.6894378662109,27007700,0.0,0.0
2025-10-16,251.42842769264908,256.6113736152233,249.76069521164573,251.1188507080078,27997200,0.0,0.0
2025-10-17,250.41979725844868,253.8751099031292,247.4738024671156,252.95635986328125,29671600,0.0,0.0
2025-10-20,254.3444728441902,256.98087539491434,253.88509020638816,256.2019348144531,22350200,0.0,0.0
2025-10-21,254.39440086428343,254.5342103173845,243.8187566890876,250.1202087402344,47312100,0.0,0.0
2025-10-22,254.02489806023604,256.01218852739623,248.9517881335524,251.3485412597656,35029400,0.0,0.0
2025-10-23,252.6367781341903,254.6939808970836,251.50832156545115,252.7366485595703,19901400,0.0,0.0
2025-10-24,256.2319174600456,261.32500504033385,254.97364746401067,259.5674133300781,28655100,0.0,0.0
2025-10-27,264.4607188078389,269.7735083332291,263.9214429072172,268.9046630859375,35235200,0.0,0.0
2025-10-28,269.3241367489819,270.3627344019799,266.1384619149823,267.1071472167969,29738600,0.0,0.0
2025-10-29,267.38675485794886,274.96645416764926,267.3068768000952,274.197509765625,43580300,0.0,0.0
2025-10-30,291.1944142933695,291.1944142933695,279.6800575475708,281.09814453125,74876000,0.0,0.0
2025-10-31,282.8257813584811,285.6120049046921,276.6541726227251,280.8085327148437,39267900,0.0,0.0
2025-11-03,281.797163766903,285.14262497278366,279.42038779718166,283.3350830078125,29786000,0.0,0.0
2025-11-04,276.3745458896769,280.88840284028174,275.88522040271835,277.1634826660156,30078400,0.0,0.0
2025-11-05,278.4916636746374,286.03143918614273,276.96374058170124,283.9242858886719,31010300,0.0,0.0
2025-11-06,284.9429082592804,287.9588308357049,280.7586204462715,284.3637084960937,37173600,0.0,0.0
2025-11-07,282.82575309004056,283.39498707048995,274.816645004158,278.4516906738281,34479600,0.0,0.0
2025-11-10,284.03413439651047,290.40545290698407,282.47622284552773,289.7064208984375,29557300,0.0,0.0
2025-11-11,287.3595968518003,291.5239526379353,286.9301875660949,290.9147644042969,19842100,0.0,0.0
2025-11-12,291.2842728658537,291.613842224268,283.30512258449664,286.3210144042969,24829900,0.0,0.0
2025-11-13,281.9569519907634,282.45627365196606,276.8638649512614,278.19207763671875,29494000,0.0,0.0
2025-11-14,271.0417870634884,278.1820807042813,270.3327588398133,276.0350036621094,31647200,0.0,0.0
2025-11-17,285.392279437324,293.55120856159544,283.1852862901624,284.63330078125,52670200,0.0,0.0
2025-11-18,287.52939388700526,288.4081743957296,277.8225797399186,283.8943176269531,49158700,0.0,0.0
2025-11-19,286.77042153983126,303.39782684502376,286.2411417953812,292.4127502441406,68198900,0.0,0.0
2025-11-20,304.1268355762142,306.0042898345543,288.2783714658303,289.05731201171875,62025200,0.0,0.0
2025-11-21,296.0178540164301,303.50767860502685,293.4513334764558,299.2534484863281,74137700,0.0,0.0
2025-11-24,310.70789188393536,319.0465694557707,309.17996886834777,318.14776611328125,85165100,0.0,0.0
2025-11-25,325.767421144808,328.3838617048627,317.2190369667809,323.0011901855469,88632100,0.0,0.0
2025-11-26,320.2449508538883,324.0597758686898,316.36024396458464,319.5159606933594,51373400,0.0,0.0
2025-11-28,322.9312800436979,326.4065697098705,316.3602205188893,319.74560546875,26018600,0.0,0.0
2025-12-01,317.26898426885936,319.41606123931075,313.46415578589995,314.4627990722656,41183000,0.0,0.0
2025-12-02,316.3102616947243,317.948051296999,313.4841146313127,315.38153076171875,35854700,0.0,0.0
2025-12-03,315.4614642178001,321.14371687287894,313.6738840780104,319.1963806152344,41838300,0.0,0.0
2025-12-04,321.7928484740126,321.92264650582644,314.27306548179905,317.1890869140625,31240900,0.0,0.0
2025-12-05,319.05652267664885,322.72155681925386,318.73697999805336,320.8341064453125,28851700,0.0,0.0
2025-12-08,319.82486263347363,320.21460294317257,311.0010871288888,313.49932861328125,33909400,0.21,0.0
2025-12-09,312.15025542764414,317.7662971049956,311.6805848338384,316.85693359375,30194000,0.0,0.0
2025-12-10,315.6078174223929,321.0839735202244,314.45863248382005,319.9847412109375,33428900,0.0,0.0
2025-12-11,319.8548173729065,320.8940942947929,308.3829128168011,312.210205078125,42353700,0.0,0.0
2025-12-12,313.47935032153816,314.6485102459599,305.34506149685063,309.07244873046875,35940200,0.0,0.0
2025-12-15,311.1009991314403,311.2009348824072,304.66552711937686,308.003173828125,29151900,0.0,0.0
2025-12-16,304.7354841263937,310.5513666605185,302.37712849550337,306.3543395996094,30585000,0.0,0.0
2025-12-17,307.7933270972379,307.87325739956634,295.9116769824828,296.5112609863281,43930400,0.0,0.0
2025-12-18,301.50775321966603,303.7461677101471,299.0195145942255,302.2472229003906,33518000,0.0,0.0
2025-12-19,301.5177661333593,307.03387224107576,300.7582909786616,306.9439392089844,59943200,0.0,0.0
2025-12-22,309.6620085044852,309.9118326328777,305.0852133945127,309.56207275390625,26429900,0.0,0.0
2025-12-23,309.41219480948,314.7184570357758,309.1024153195162,314.1288757324219,25478700,0.0,0.0
2025-12-24,314.5485634057752,314.8583428959372,311.70059264113144,313.8690490722656,10097400,0.0,0.0
2025-12-26,314.25877806497726,314.86833429915043,312.0603135401851,313.2894592285156,10899000,0.0,0.0
2025-12-29,311.15095467052413,313.79908436732376,310.4014822754237,313.33941650390625,19621800,0.0,0.0
2025-12-30,312.2801854430232,316.7270674821765,312.24020504037514,313.6292419433594,17380900,0.0,0.0
2025-12-31,312.62992729269524,314.3586907819443,311.22091551782626,312.7798156738281,16377700,0.0,0.0
2026-01-02,316.6770832413161,322.2731502440002,310.11169732658084,314.9283142089844,32009400,0.0,0.0
2026-01-05,317.4365596004392,318.79558832967825,314.4086921415047,316.3173522949219,30195600,0.0,0.0
2026-01-06,316.17741436833177,320.71422913013345,311.5606693028291,314.1188659667969,31212100,0.0,0.0
2026-01-07,314.13884430323384,325.9205589972494,313.96898096999803,321.7535095214844,35104400,0.0,0.0
2026-01-08,328.7385750407063,330.0876314322289,321.2738288701313,325.2110595703125,31896100,0.0,0.0
2026-01-09,326.8598973489763,330.5972566011106,325.5707962902668,328.3388671875,26214200,0.0,0.0
2026-01-12,325.57079145505844,333.80501545240315,324.7713664437944,331.62652587890625,33923900,0.0,0.0
2026-01-13,334.7144015630273,340.25048265726696,333.38532003422745,335.7336730957031,33517600,0.0,0.0
2026-01-14,334.8243096530742,336.2832741209541,330.2475447349911,335.603759765625,28525600,0.0,0.0
2026-01-15,337.4124676651339,337.4524480652932,330.507324974913,332.5458984375,28442400,0.0,0.0
2026-01-16,334.1747541117482,334.4145755186536,327.46948297740045,329.7678527832031,40341600,0.0,0.0
2026-01-20,320.6442885211675,327.49947891315526,320.2045955865857,321.77349853515625,35361000,0.0,0.0
2026-01-21,320.6942733516965,332.24613943011235,319.12537039479025,328.1490173339844,35386600,0.0,0.0
2026-01-22,334.2147483456718,334.9142376434696,328.5187457270175,330.3074951171875,26253600,0.0,0.0
2026-01-23,332.25610013077164,333.45526818914374,327.219667476274,327.6993103027344,27280000,0.0,0.0
2026-01-26,327.5793954045391,335.60374537803585,326.7699676491338,333.02557373046875,26042100,0.0,0.0
2026-01-27,335.1340666902067,337.6722883721735,333.2454121385867,334.31463623046875,21636200,0.0,0.0
2026-01-28,335.8236037532332,337.30257365930305,331.7065067534381,335.7736511230469,27434400,0.0,0.0
2026-01-29,340.06060015063264,342.0492210013424,326.3103005061971,338.0120544433594,39785600,0.0,0.0
2026-01-30,339.76083067041884,339.76083067041884,332.0562627255977,337.7622375488281,31024000,0.0,0.0
2026-02-02,335.983495554882,344.5874244246442,335.3939142353609,343.4482421875,32006100,0.0,0.0
2026-02-03,347.09564553860224,348.7544814019383,337.2325938809106,339.47100830078125,36506700,0.0,0.0
2026-02-04,342.7187296036167,343.0684894885568,328.2888852617291,332.80572509765625,70618400,0.0,0.0
2026-02-05,312.0003564748562,332.45595718246585,306.2443988387428,331.0169677734375,88205800,0.0,0.0
2026-02-06,326.94984200428365,330.147603202773,319.694969697787,322.63287353515625,56380500,0.0,0.0
2026-02-09,320.70422803551696,327.4694850607409,317.036826848448,324.09185791015625,39640100,0.0,0.0
2026-02-10,320.7441987510988,321.4437184993816,314.38865715458337,318.3558654785156,39170000,0.0,0.0
2026-02-11,318.7456164455411,320.8341425405983,309.44216816023624,310.7412414550781,45406400,0.0,0.0
2026-02-12,311.87044586439265,316.0175203045161,306.9839017615506,308.7826232910156,47761300,0.0,0.0
2026-02-13,307.5135396808651,308.412900480652,303.4963480144474,305.50494384765625,38499700,0.0,0.0
2026-02-17,299.82893803190484,304.22583664461854,296.0415956615768,301.8075256347656,39247600,0.0,0.0
2026-02-18,301.87748970860525,305.1651838815364,301.0380842700908,303.1166076660156,28482100,0.0,0.0
2026-02-19,301.6076886754516,305.25511494304027,299.828942056139,302.636962890625,25834400,0.0,0.0
2026-02-20,304.1059184917761,316.2773425544253,303.68620054308417,314.7584228515625,53210800,0.0,0.0
2026-02-23,318.82555353627805,319.29522413676915,309.65201848441603,311.2708740234375,31423000,0.0,0.0
2026-02-24,310.3015673465962,312.05033638585,305.71479964031533,310.6813049316406,25615600,0.0,0.0
2026-02-25,311.84046520002283,313.4193707572093,309.22231323387047,312.67987060546875,29963600,0.0,0.0
2026-02-26,312.42009761480955,312.9197459051382,302.1373272609355,307.1637878417969,36431200,0.0,0.0
2026-02-27,303.92607541564644,312.1502667227519,303.5862877430576,311.54071044921875,44640600,0.0,0.0
2026-03-02,303.0166882830762,308.27296712894787,301.088022863519,306.3043518066406,34790200,0.0,0.0
2026-03-03,298.37994467731505,303.7261871662424,296.5012623376298,303.3664245605469,35497000,0.0,0.0
2026-03-04,302.6769571429086,305.2551289128473,300.5384478137644,302.9167785644531,29536200,0.0,0.0
2026-03-05,302.82681905445145,303.08661540637286,297.78035344585857,300.6683349609375,35752300,0.0,0.0
2026-03-06,295.88171424137005,300.31859339921897,294.97235071392555,298.3099975585937,25576900,0.0,0.0
2026-03-09,294.3599853515625,306.79998779296875,294.0799865722656,306.3599853515625,29312100,0.21,0.0
2026-03-10,306.1700134277344,309.510009765625,305.57000732421875,307.0400085449219,23239700,0.0,0.0
2026-03-11,306.75,311.4200134277344,305.9200134277344,308.70001220703125,24125700,0.0,0.0
2026-03-12,306.82000732421875,308.94000244140625,301.0299987792969,303.54998779296875,24928300,0.0,0.0
2026-03-13,307.010009765625,307.69000244140625,300.44000244140625,302.2799987792969,23693100,0.0,0.0
2026-03-16,304.3500061035156,306.489990234375,303.0199890136719,305.5599975585937,23519700,0.0,0.0
2026-03-17,305.8599853515625,311.4200134277344,305.5,310.9200134277344,21955200,0.0,0.0
2026-03-18,309.2699890136719,312.4700012207031,306.92999267578125,307.69000244140625,20009800,0.0,0.0
2026-03-19,304.010009765625,308.0599975585937,302.3500061035156,307.1300048828125,25075800,0.0,0.0
2026-03-20,305.4599914550781,306.0,298.2699890136719,301.0,44364100,0.0,0.0
2026-03-23,302.1099853515625,305.9800109863281,300.92999267578125,302.0599975585937,29326900,0.0,0.0
2026-03-24,299.20001220703125,299.9200134277344,290.3299865722656,290.44000244140625,36864300,0.0,0.0
2026-03-25,293.44000244140625,296.0,289.239990234375,290.92999267578125,29460700,0.0,0.0
2026-03-26,287.9100036621094,287.95001220703125,278.5,280.9200134277344,39080600,0.0,0.0
2026-03-27,277.2799987792969,279.3699951171875,273.95001220703125,274.3399963378906,35890600,0.0,0.0
2026-03-30,276.4200134277344,277.0899963378906,272.1099853515625,273.5,35141200,0.0,0.0
2026-03-31,278.0400085449219,288.0799865722656,277.0899963378906,287.5599975585937,43875400,0.0,0.0
2026-04-01,290.8399963378906,300.5199890136719,290.4100036621094,297.3900146484375,37684500,0.0,0.0
2026-04-02,290.69000244140625,298.0799865722656,289.45001220703125,295.7699890136719,21666500,0.0,0.0
2026-04-06,295.8699951171875,300.6199951171875,295.17999267578125,299.989990234375,16945500,0.0,0.0
2026-04-07,302.7300109863281,305.6300048828125,297.7200012207031,305.4599914550781,23205400,0.0,0.0
2026-04-08,320.45001220703125,322.0799865722656,315.0199890136719,317.32000732421875,33547100,0.0,0.0
2026-04-09,315.9100036621094,319.5400085449219,311.0599975585937,318.489990234375,23739200,0.0,0.0
2026-04-10,320.0199890136719,321.8299865722656,316.32000732421875,317.239990234375,19152600,0.0,0.0
2026-04-13,317.1400146484375,321.6300048828125,315.4700012207031,321.3099975585937,18866400,0.0,0.0
2026-04-14,324.7900085449219,333.2900085449219,323.75,332.9100036621094,27721400,0.0,0.0
2026-04-15,332.8900146484375,337.4800109863281,330.8999938964844,337.1199951171875,24918800,0.0,0.0
2026-04-16,338.75,339.8800048828125,334.5199890136719,336.0199890136719,20541500,0.0,0.0
2026-04-17,337.6499938964844,342.32000732421875,336.239990234375,341.67999267578125,25581900,0.0,0.0
2026-04-20,340.760009765625,341.3999938964844,336.6099853515625,337.4200134277344,18784200,0.0,0.0
2026-04-21,337.69000244140625,339.3399963378906,331.3500061035156,332.2900085449219,23123800,0.0,0.0
2026-04-22,337.0199890136719,339.82000732421875,335.1700134277344,339.32000732421875,20293000,0.0,0.0
2026-04-23,341.17999267578125,341.9599914550781,336.17999267578125,338.8900146484375,18650300,0.0,0.0
2026-04-24,338.7300109863281,345.2699890136719,335.3900146484375,344.3999938964844,26426100,0.0,0.0
2026-04-27,345.9800109863281,353.17999267578125,342.7300109863281,350.3399963378906,28576900,0.0,0.0
2026-04-28,348.54998779296875,352.4200134277344,346.1199951171875,349.7799987792969,27824100,0.0,0.0
2026-04-29,347.57000732421875,355.7900085449219,344.2099914550781,349.94000244140625,34856900,0.0,0.0
2026-04-30,374.1600036621094,383.739990234375,365.82000732421875,383.139892578125,44366731,0.0,0.0
