date,open,high,low,close,volume,dividends,stock_splits,kd_k,kd_d,bias_5,bias_10,bias_20
2024-05-15,4.599999904632568,4.639999866485596,4.315000057220459,4.340000152587891,11808200,0.0,0.0,50.0,50.0,0.0,0.0,0.0
2024-05-16,4.340000152587891,4.445000171661377,4.21999979019165,4.239999771118164,5501700,0.0,0.0,50.0,50.0,-1.17,-1.17,-1.17
2024-05-17,4.239999771118164,4.300000190734863,4.179999828338623,4.25,4909700,0.0,0.0,50.0,50.0,-0.62,-0.62,-0.62
2024-05-20,4.289999961853027,4.434999942779541,4.235000133514404,4.400000095367432,5456600,0.0,0.0,50.0,50.0,2.15,2.15,2.15
2024-05-21,4.380000114440918,4.53000020980835,4.349999904632568,4.460000038146973,5936300,0.0,0.0,50.0,50.0,2.81,2.81,2.81
2024-05-22,4.46999979019165,4.489999771118164,4.28000020980835,4.340000152587891,4592600,0.0,0.0,50.0,50.0,0.05,0.04,0.04
2024-05-23,4.360000133514404,4.380000114440918,4.179999828338623,4.21999979019165,5007300,0.0,0.0,50.0,50.0,-2.63,-2.35,-2.35
2024-05-24,4.25,4.26800012588501,4.179999828338623,4.210000038146973,5153800,0.0,0.0,50.0,50.0,-2.68,-2.26,-2.26
2024-05-28,4.25,4.46999979019165,4.239999771118164,4.389999866485596,7648400,0.0,0.0,48.55,49.52,1.53,1.7,1.7
2024-05-29,4.309999942779541,4.320000171661377,4.150000095367432,4.179999828338623,6190200,0.0,0.0,35.0,44.68,-2.06,-2.86,-2.86
2024-05-30,4.28000020980835,4.380000114440918,4.171999931335449,4.329999923706055,5039200,0.0,0.0,39.12,42.83,1.5,0.65,0.57
2024-05-31,4.320000171661377,4.414999961853027,4.21999979019165,4.369999885559082,6454300,0.0,0.0,45.38,43.68,1.72,1.27,1.37
2024-06-03,4.400000095367432,4.449999809265137,4.260000228881836,4.329999923706055,4725100,0.0,0.0,46.04,44.47,0.23,0.16,0.41
2024-06-04,4.28000020980835,4.309999942779541,4.230000019073486,4.28000020980835,4188500,0.0,0.0,43.44,44.12,-0.42,-0.72,-0.7
2024-06-05,4.329999923706055,4.440000057220459,4.260000228881836,4.440000057220459,4798600,0.0,0.0,59.17,49.14,2.07,3.04,2.81
2024-06-06,4.380000114440918,4.440000057220459,4.320000171661377,4.369999885559082,3247700,0.0,0.0,62.36,53.55,0.28,1.35,1.11
2024-06-07,4.309999942779541,4.440000057220459,4.28000020980835,4.440000057220459,4053600,0.0,0.0,71.78,59.63,1.56,2.45,2.57
2024-06-10,4.380000114440918,4.619999885559082,4.335000038146973,4.559999942779541,7087300,0.0,0.0,76.93,65.39,3.21,4.37,5.03
2024-06-11,4.550000190734863,4.599999904632568,4.409999847412109,4.570000171661377,6532700,0.0,0.0,80.9,70.56,2.1,4.17,4.97
2024-06-12,4.710000038146973,4.940000057220459,4.619999885559082,4.639999866485596,7816300,0.0,0.0,73.38,71.5,2.75,4.67,6.23
2024-06-13,4.695000171661377,4.704999923706055,4.510000228881836,4.550000190734863,4704500,0.0,0.0,63.94,68.98,-0.04,2.13,3.92
2024-06-14,4.5,4.525000095367432,4.329999923706055,4.389999866485596,4803300,0.0,0.0,50.14,62.7,-3.35,-1.5,0.09
2024-06-17,4.349999904632568,4.375,4.195000171661377,4.340000152587891,7195200,0.0,0.0,39.91,55.11,-3.51,-2.65,-1.15
2024-06-18,4.585000038146973,4.989999771118164,4.539999961853027,4.909999847412109,19721300,0.0,0.0,56.59,55.6,7.53,8.6,11.19
2024-06-20,4.934999942779541,4.965000152587891,4.670000076293945,4.800000190734863,12331700,0.0,0.0,63.09,58.1,4.39,5.33,8.28
2024-06-21,4.809999942779541,5.099999904632568,4.71999979019165,5.010000228881836,21739300,0.0,0.0,72.08,62.76,6.82,8.42,12.17
2024-06-24,5.079999923706055,5.159999847412109,4.75,4.829999923706055,11430300,0.0,0.0,69.99,65.17,1.09,3.65,7.4
2024-06-25,4.809999942779541,4.840000152587891,4.659999847412109,4.739999771118164,5948200,0.0,0.0,65.48,65.27,-2.43,1.33,4.79
2024-06-26,4.679999828338623,4.800000190734863,4.670000076293945,4.760000228881836,4750600,0.0,0.0,63.17,64.57,-1.41,1.34,4.8
2024-06-27,4.789999961853027,4.920000076293945,4.760000228881836,4.860000133514404,4011800,0.0,0.0,65.09,64.74,0.41,2.99,6.21
2024-06-28,4.900000095367432,4.949999809265137,4.704999923706055,4.800000190734863,15030100,0.0,0.0,64.29,64.59,0.04,1.18,4.36
2024-07-01,4.78000020980835,4.800000190734863,4.5,4.539999961853027,7074400,0.0,0.0,44.88,58.02,-4.22,-4.6,-1.48
2024-07-02,4.510000228881836,4.650000095367432,4.489999771118164,4.610000133514404,5351900,0.0,0.0,35.89,50.64,-2.21,-3.68,-0.26
2024-07-03,4.630000114440918,4.730000019073486,4.610000133514404,4.619999885559082,2711700,0.0,0.0,30.39,43.89,-1.41,-2.88,-0.41
2024-07-05,4.650000095367432,4.880000114440918,4.639999866485596,4.880000114440918,4684000,0.0,0.0,39.67,42.48,4.05,2.41,4.7
2024-07-08,4.96999979019165,5.119999885559082,4.920000076293945,4.96999979019165,5084100,0.0,0.0,51.84,45.6,5.21,4.39,5.95
2024-07-09,4.96999979019165,5.085000038146973,4.909999847412109,5.079999923706055,4796400,0.0,0.0,65.78,52.33,5.13,6.14,7.56
2024-07-10,5.150000095367432,5.244999885559082,5.03000020980835,5.130000114440918,5289300,0.0,0.0,72.11,58.92,3.93,6.32,7.97
2024-07-11,5.21999979019165,5.349999904632568,5.150000095367432,5.329999923706055,7586800,0.0,0.0,80.63,66.16,4.96,9.18,11.29
2024-07-12,5.389999866485596,5.679999828338623,5.380000114440918,5.650000095367432,11371300,0.0,0.0,86.25,72.85,7.99,13.89,16.74
2024-07-15,5.590000152587891,5.764999866485596,5.360000133514404,5.71999979019165,8167900,0.0,0.0,89.65,78.45,6.28,13.2,16.77
2024-07-16,5.824999809265137,5.840000152587891,5.510000228881836,5.630000114440918,10333700,0.0,0.0,87.41,81.44,2.51,9.07,13.5
2024-07-17,5.449999809265137,5.605000019073486,5.340000152587891,5.449999809265137,10461500,0.0,0.0,80.77,81.22,-1.91,3.89,8.65
2024-07-18,5.5,5.550000190734863,5.190000057220459,5.260000228881836,6244000,0.0,0.0,66.39,76.28,-5.09,-0.94,4.5
2024-07-19,5.260000228881836,5.360000133514404,5.150000095367432,5.199999809265137,3318000,0.0,0.0,54.66,69.07,-4.62,-2.66,2.9
2024-07-22,5.25,5.369999885559082,5.179999828338623,5.340000152587891,4040300,0.0,0.0,49.2,62.45,-0.67,-0.73,5.33
2024-07-23,5.329999923706055,5.519999980926514,5.300000190734863,5.400000095367432,4069500,0.0,0.0,44.87,56.59,1.31,-0.2,5.91
2024-07-24,5.309999942779541,5.465000152587891,5.190000057220459,5.210000038146973,4038500,0.0,0.0,32.81,48.66,-1.36,-3.86,1.72
2024-07-25,5.119999885559082,5.400000095367432,5.090000152587891,5.25,5001900,0.0,0.0,28.99,42.11,-0.57,-2.98,2.01
2024-07-26,5.340000152587891,5.460000038146973,5.300000190734863,5.400000095367432,4424500,0.0,0.0,33.1,39.1,1.5,0.26,4.38
2024-07-29,5.420000076293945,5.5,5.28000020980835,5.320000171661377,3932500,0.0,0.0,36.96,38.39,0.08,-0.49,2.32
2024-07-30,5.340000152587891,5.394999980926514,5.159999847412109,5.260000228881836,4324900,0.0,0.0,36.96,37.91,-0.53,-0.92,0.47
2024-07-31,5.300000190734863,5.449999809265137,5.210000038146973,5.239999771118164,5100700,0.0,0.0,36.27,37.36,-1.02,-0.91,-0.51
2024-08-01,5.239999771118164,5.25,4.889999866485596,4.960000038146973,7307500,0.0,0.0,27.88,34.2,-5.27,-5.67,-6.13
2024-08-02,4.710000038146973,4.860000133514404,4.650000095367432,4.809999942779541,8456400,0.0,0.0,24.72,31.04,-6.02,-7.84,-8.91
2024-08-05,4.25,4.739999771118164,4.199999809265137,4.659999847412109,7152100,0.0,0.0,28.27,30.12,-6.54,-9.53,-11.49
2024-08-06,4.809999942779541,4.860000133514404,4.625,4.715000152587891,4073600,0.0,0.0,32.05,30.76,-3.32,-7.23,-10.13
2024-08-07,4.820000171661377,4.820000171661377,4.550000190734863,4.579999923706055,4765700,0.0,0.0,31.11,30.88,-3.48,-8.76,-12.25
2024-08-08,4.679999828338623,4.929999828338623,4.630000114440918,4.769999980926514,7105100,0.0,0.0,35.36,32.37,1.34,-4.05,-8.11
2024-08-09,5.349999904632568,5.590000152587891,5.199999809265137,5.369999885559082,17827800,0.0,0.0,51.63,38.79,11.43,8.08,3.72
2024-08-12,5.409999847412109,5.539999961853027,5.179999828338623,5.389999866485596,7080600,0.0,0.0,62.96,46.85,8.56,8.33,4.44
2024-08-13,5.25,5.300000190734863,5.03000020980835,5.230000019073486,12138600,0.0,0.0,66.67,53.45,3.2,5.18,1.74
2024-08-14,5.269999980926514,5.349999904632568,5.159999847412109,5.179999828338623,4493600,0.0,0.0,67.95,58.29,-0.15,4.3,1.03
2024-08-15,5.25,6.039999961853027,5.25,5.829999923706055,23961800,0.0,0.0,74.83,63.8,7.96,15.37,13.08
2024-08-16,6.269999980926514,7.099999904632568,5.920000076293945,6.559999942779541,74179900,0.0,0.0,76.16,67.92,16.35,25.47,25.58
2024-08-19,6.78000020980835,7.360000133514404,6.46999979019165,7.190000057220459,47084200,0.0,0.0,82.09,72.64,19.87,31.17,35.25
2024-08-20,7.25,7.257999897003174,6.599999904632568,6.650000095367432,27622900,0.0,0.0,79.39,74.89,5.86,17.18,23.63
2024-08-21,6.699999809265137,7.269999980926514,6.21999979019165,7.0,26839900,0.0,0.0,81.11,76.97,5.33,18.3,28.01
2024-08-22,7.0,7.260000228881836,6.829999923706055,6.840000152587891,22202400,0.0,0.0,79.97,77.97,-0.12,11.69,23.29
2024-08-23,6.989999771118164,7.070000171661377,6.76200008392334,6.960000038146973,14731100,0.0,0.0,80.92,78.95,0.46,10.78,23.72
2024-08-26,6.960000038146973,6.96999979019165,6.510000228881836,6.739999771118164,13359400,0.0,0.0,77.89,78.6,-1.43,5.02,18.31
2024-08-27,6.590000152587891,6.599999904632568,6.110000133514404,6.119999885559082,16090500,0.0,0.0,65.67,74.29,-9.09,-5.95,6.62
2024-08-28,6.019999980926514,6.25,5.960000038146973,6.090000152587891,12833300,0.0,0.0,47.71,65.43,-7.02,-7.7,5.32
2024-08-29,6.190000057220459,6.46999979019165,6.139999866485596,6.230000019073486,8084100,0.0,0.0,38.24,56.37,-3.08,-6.15,6.57
2024-08-30,6.239999771118164,6.489999771118164,6.21999979019165,6.269999980926514,8159300,0.0,0.0,33.38,48.7,-0.32,-5.13,5.93
2024-09-03,6.199999809265137,6.25,5.994999885559082,6.059999942779541,6921300,0.0,0.0,24.8,40.74,-1.53,-6.71,1.19
2024-09-04,6.019999980926514,6.46999979019165,6.019999980926514,6.340000152587891,9643700,0.0,0.0,26.28,35.92,2.29,-1.93,4.45
2024-09-05,6.289999961853027,6.340000152587891,6.039999961853027,6.079999923706055,6214600,0.0,0.0,21.12,30.98,-1.87,-4.6,-1.06
2024-09-06,6.110000133514404,6.199999809265137,5.739999771118164,5.809999942779541,9211300,0.0,0.0,15.98,25.98,-4.94,-7.34,-6.24
2024-09-09,5.900000095367432,6.275000095367432,5.880000114440918,6.139999866485596,9684900,0.0,0.0,26.16,26.04,0.89,-0.78,-1.53
2024-09-10,6.139999866485596,6.170000076293945,5.960000038146973,6.150000095367432,6175700,0.0,0.0,35.66,29.25,0.75,0.34,-1.97
2024-09-11,6.179999828338623,6.698999881744385,6.150000095367432,6.679999828338623,13295200,0.0,0.0,56.45,38.31,8.23,8.0,5.26
2024-09-12,6.679999828338623,7.050000190734863,6.630000114440918,6.860000133514404,13983500,0.0,0.0,66.13,47.58,8.41,9.55,6.69
2024-09-13,6.960000038146973,7.46999979019165,6.909999847412109,7.460000038146973,13806100,0.0,0.0,77.23,57.47,12.05,16.84,14.57
2024-09-16,7.46999979019165,7.526000022888184,7.170000076293945,7.369999885559082,13219600,0.0,0.0,81.91,65.61,6.75,13.47,12.48
2024-09-17,7.449999809265137,7.510000228881836,7.070000171661377,7.170000076293945,9185000,0.0,0.0,81.29,70.84,0.87,8.54,9.45
2024-09-18,7.150000095367432,7.5,7.099999904632568,7.119999885559082,11804500,0.0,0.0,79.95,73.88,-1.06,6.52,8.3
2024-09-19,7.329999923706055,7.369999885559082,7.0,7.170000076293945,10540500,0.0,0.0,79.42,75.73,-1.21,5.55,8.92
2024-09-20,7.150000095367432,7.71999979019165,7.130000114440918,7.46999979019165,22836000,0.0,0.0,81.55,77.67,2.89,7.34,12.93
2024-09-23,7.630000114440918,7.670000076293945,7.465000152587891,7.559999942779541,12454700,0.0,0.0,84.3,79.88,3.59,6.46,13.78
2024-09-24,7.579999923706055,7.614999771118164,7.275000095367432,7.590000152587891,9793400,0.0,0.0,85.56,81.77,2.82,4.76,13.5
2024-09-25,7.554999828338623,8.789999961853027,7.550000190734863,8.619999885559082,29464600,0.0,0.0,87.36,83.63,12.21,15.88,26.54
2024-09-26,8.84000015258789,8.979999542236328,8.630000114440918,8.6899995803833,15727000,0.0,0.0,86.69,84.65,8.82,14.01,25.18
2024-09-27,8.869999885559082,10.289999961853027,8.843000411987305,9.779999732971191,39176900,0.0,0.0,85.96,85.09,15.77,24.52,37.37
2024-09-30,9.869999885559082,10.149999618530272,9.520000457763672,9.729999542236328,20367700,0.0,0.0,84.97,85.05,9.55,20.27,33.42
2024-10-01,9.65999984741211,9.720000267028809,9.09000015258789,9.229999542236328,14756800,0.0,0.0,79.24,83.11,0.22,11.26,23.88
2024-10-02,8.960000038146973,9.760000228881836,8.800000190734863,9.710000038146973,15642600,0.0,0.0,80.04,82.09,2.99,13.5,27.44
2024-10-03,9.600000381469728,9.859999656677246,9.163999557495115,9.25,8922600,0.0,0.0,75.2,79.79,-3.04,5.56,18.93
2024-10-04,9.515000343322754,10.010000228881836,9.420000076293944,9.800000190734863,10742200,0.0,0.0,78.05,79.21,2.68,8.94,22.85
2024-10-07,9.960000038146973,10.109999656677246,9.479999542236328,9.68000030517578,12518500,0.0,0.0,77.94,78.79,1.53,5.13,18.71
2024-10-08,9.600000381469728,10.140000343322754,9.362000465393066,9.40999984741211,12438500,0.0,0.0,67.62,75.07,-1.67,0.21,13.13
2024-10-09,9.270000457763672,9.65999984741211,8.989999771118164,9.449999809265137,10854500,0.0,0.0,59.62,69.92,-0.71,-0.24,11.75
2024-10-10,9.34000015258789,9.529000282287598,9.270000457763672,9.390000343322754,6877000,0.0,0.0,54.32,64.72,-1.63,-1.6,9.41
2024-10-11,9.350000381469728,9.779999732971191,9.199999809265137,9.699999809265137,8278500,0.0,0.0,58.6,62.68,1.83,1.73,11.56
2024-10-14,9.920000076293944,10.109999656677246,9.65999984741211,9.880000114440918,14831200,0.0,0.0,65.93,63.76,3.28,3.46,12.02
2024-10-15,9.81999969482422,10.34000015258789,9.479999542236328,9.9399995803833,16863600,0.0,0.0,67.41,64.98,2.77,3.32,10.96
2024-10-16,10.029999732971191,11.1899995803833,9.979999542236328,11.1899995803833,26303500,0.0,0.0,78.27,69.41,11.68,14.55,22.13
2024-10-17,11.170000076293944,11.1899995803833,10.550000190734863,10.68000030517578,14503200,0.0,0.0,77.79,72.2,3.91,7.75,14.38
2024-10-18,10.765000343322754,11.0,10.479999542236328,10.8100004196167,10093100,0.0,0.0,79.44,74.61,2.95,7.96,13.74
2024-10-21,10.850000381469728,11.289999961853027,10.68000030517578,11.260000228881836,11021200,0.0,0.0,85.86,78.36,4.49,10.71,16.21
2024-10-22,11.210000038146973,11.520000457763672,11.029999732971191,11.15999984741211,10455700,0.0,0.0,85.4,80.71,1.27,7.87,13.09
2024-10-23,11.15999984741211,11.270000457763672,10.649999618530272,10.90999984741211,10104900,0.0,0.0,81.5,80.97,-0.49,3.98,9.29
2024-10-24,11.005000114440918,12.085000038146973,11.005000114440918,11.1899995803833,16684200,0.0,0.0,76.21,79.39,1.12,4.85,10.71
2024-10-25,11.239999771118164,11.329999923706056,10.90999984741211,11.18000030517578,10553300,0.0,0.0,72.56,77.11,0.36,3.33,9.85
2024-10-28,11.25,11.470000267028809,11.060999870300291,11.260000228881836,8443100,0.0,0.0,68.64,74.29,1.08,2.76,9.81
2024-10-29,11.149999618530272,11.579999923706056,10.869999885559082,11.470000267028809,9573300,0.0,0.0,66.32,71.63,2.39,3.23,10.65
2024-10-30,11.350000381469728,11.630000114440918,10.949999809265137,10.960000038146973,9128500,0.0,0.0,54.18,65.82,-2.25,-1.15,5.1
2024-10-31,10.90999984741211,10.90999984741211,10.289999961853027,10.699999809265137,13057500,0.0,0.0,43.74,58.46,-3.73,-3.52,1.9
2024-11-01,10.899999618530272,11.5,10.850000381469728,11.420000076293944,11010800,0.0,0.0,50.14,55.69,2.31,2.41,7.92
2024-11-04,11.265000343322754,11.395000457763672,10.970000267028809,11.25,7701600,0.0,0.0,51.26,54.21,0.81,0.9,5.53
2024-11-05,11.34000015258789,11.850000381469728,11.279999732971191,11.8100004196167,8554000,0.0,0.0,62.4,56.94,5.18,5.31,9.55
2024-11-06,12.295000076293944,13.0600004196167,12.06999969482422,13.050000190734863,17747300,0.0,0.0,74.81,62.9,12.06,14.18,19.06
2024-11-07,13.5,13.890000343322754,13.079999923706056,13.460000038146973,15823800,0.0,0.0,79.23,68.34,10.35,15.48,20.57
2024-11-08,13.31999969482422,13.899999618530272,12.899999618530272,13.510000228881836,17769100,0.0,0.0,82.55,73.08,7.09,13.63,18.98
2024-11-11,14.640000343322754,15.239999771118164,14.010000228881836,14.779999732971191,27297200,0.0,0.0,85.27,77.14,10.94,20.74,27.42
2024-11-12,14.489999771118164,15.020000457763672,14.239999771118164,14.65999984741211,25153600,0.0,0.0,86.27,80.18,5.53,16.72,23.86
2024-11-13,19.239999771118164,22.549999237060547,18.64999961853028,18.82999992370605,121001300,0.0,0.0,80.25,80.21,25.13,41.08,54.12
2024-11-14,19.43000030517578,19.43000030517578,17.250999450683594,17.360000610351562,45509000,0.0,0.0,71.89,77.44,9.68,23.88,38.31
2024-11-15,17.030000686645508,19.479999542236328,16.799999237060547,19.0,42280000,0.0,0.0,70.76,75.21,12.25,28.63,46.59
2024-11-18,19.540000915527344,20.350000381469727,18.46999931335449,19.290000915527344,29097900,0.0,0.0,70.14,73.52,8.2,23.85,44.36
2024-11-19,19.02499961853028,20.96999931335449,18.71999931335449,20.5,28809600,0.0,0.0,73.01,73.35,7.92,24.67,48.23
2024-11-20,20.549999237060547,20.76000022888184,19.63999938964844,20.18000030517578,17269700,0.0,0.0,73.82,73.51,4.74,17.62,41.19
2024-11-21,20.39999961853028,22.479999542236328,19.75,22.40999984741211,28114900,0.0,0.0,82.0,76.34,10.52,24.14,50.87
2024-11-22,23.02499961853028,23.809999465942383,22.3799991607666,23.26000022888184,28378000,0.0,0.0,86.09,79.59,10.09,22.25,50.47
2024-11-25,25.38500022888184,25.57999992370605,22.81999969482422,24.059999465942383,40883200,0.0,0.0,84.95,81.38,8.96,20.57,49.46
2024-11-26,23.71999931335449,26.709999084472656,23.6200008392334,25.440000534057617,41464100,0.0,0.0,85.7,82.82,10.27,20.95,51.46
2024-11-27,25.895000457763672,27.200000762939453,24.729999542236328,25.670000076293945,26623100,0.0,0.0,85.56,83.73,6.21,18.2,46.42
2024-11-29,26.0,28.049999237060547,25.65999984741211,27.280000686645508,19870500,0.0,0.0,87.69,85.05,8.5,20.13,48.58
2024-12-02,27.975000381469727,28.100000381469727,24.0,24.155000686645508,41206900,0.0,0.0,77.78,82.63,-4.6,4.01,27.15
2024-12-03,23.799999237060547,24.26000022888184,22.5,23.01000022888184,30532400,0.0,0.0,65.13,76.79,-8.37,-2.49,17.48
2024-12-04,22.950000762939453,24.0,22.34000015258789,23.11000061035156,23047100,0.0,0.0,56.83,70.14,-6.23,-3.13,14.69
2024-12-05,23.104999542236328,24.520000457763672,22.65999984741211,23.920000076293945,19910400,0.0,0.0,47.03,62.44,-1.54,-1.29,15.59
2024-12-06,24.424999237060547,25.0,23.43000030517578,24.68000030517578,19915400,0.0,0.0,44.9,56.59,3.81,0.91,16.11
2024-12-09,24.959999084472656,25.09000015258789,21.8700008392334,23.239999771118164,27871000,0.0,0.0,37.26,50.15,-1.49,-4.97,6.89
2024-12-10,22.850000381469727,24.39999961853028,22.799999237060547,22.850000381469727,12573000,0.0,0.0,30.08,43.46,-3.01,-6.1,3.18
2024-12-11,22.979999542236328,23.98500061035156,21.93000030517578,23.350000381469727,14544800,0.0,0.0,27.97,38.3,-1.09,-3.22,3.41
2024-12-12,22.920000076293945,23.959999084472656,22.32999992370605,22.57999992370605,13386700,0.0,0.0,22.45,33.01,-3.26,-5.2,-0.82
2024-12-13,22.43000030517578,24.56999969482422,22.420000076293945,24.420000076293945,18758500,0.0,0.0,41.36,35.8,4.86,3.78,5.62
2024-12-16,24.46500015258789,25.950000762939453,23.350000381469727,25.89999961853028,19543700,0.0,0.0,60.5,44.03,8.73,9.26,10.38
2024-12-17,25.89999961853028,26.450000762939453,24.530000686645508,26.3700008392334,15278000,0.0,0.0,73.08,53.72,7.53,9.68,10.71
2024-12-18,26.280000686645508,26.780000686645508,22.88999938964844,22.920000076293945,21660900,0.0,0.0,55.85,54.43,-6.21,-4.59,-4.26
2024-12-19,23.65999984741211,24.700000762939453,22.700000762939453,23.21999931335449,15541800,0.0,0.0,46.4,51.75,-5.48,-3.06,-3.62
2024-12-20,22.13999938964844,25.290000915527344,22.01000022888184,24.8700008392334,25072900,0.0,0.0,51.14,51.55,0.87,3.75,2.7
2024-12-23,24.96999931335449,26.31999969482422,24.34000015258789,25.59000015258789,14463700,0.0,0.0,59.25,54.11,4.05,5.71,5.17
2024-12-24,25.56999969482422,26.600000381469727,25.09000015258789,26.600000381469727,8689600,0.0,0.0,71.57,59.93,7.95,8.21,8.75
2024-12-26,26.600000381469727,28.799999237060547,26.11000061035156,28.440000534057617,19997600,0.0,0.0,79.28,66.38,10.47,13.35,15.57
2024-12-27,28.209999084472656,28.709999084472656,26.739999771118164,27.21999931335449,15559200,0.0,0.0,78.43,70.4,2.55,6.52,10.26
2024-12-30,26.21999931335449,26.809999465942383,24.89999961853028,26.31999969482422,13775600,0.0,0.0,73.45,71.41,-1.92,2.23,6.83
2024-12-31,26.540000915527344,26.8799991607666,25.18000030517578,25.46999931335449,13084800,0.0,0.0,65.95,69.59,-5.0,-0.9,3.1
2025-01-02,25.43000030517578,25.65999984741211,23.700000762939453,24.959999084472656,13792700,0.0,0.0,58.45,65.88,-5.75,-2.35,0.64
2025-01-03,25.02499961853028,28.770000457763672,25.02499961853028,28.739999771118164,22114700,0.0,0.0,72.0,67.92,8.28,9.93,14.58
2025-01-06,28.989999771118164,30.26000022888184,28.57999992370605,28.799999237060547,22305400,0.0,0.0,73.92,69.92,7.23,7.86,13.71
2025-01-07,29.1299991607666,29.959999084472656,27.420000076293945,27.950000762939453,19138800,0.0,0.0,70.87,70.24,2.82,3.48,9.65
2025-01-08,27.299999237060547,28.31999969482422,25.88999938964844,27.36000061035156,18750200,0.0,0.0,65.85,68.77,-0.73,0.64,6.47
2025-01-10,26.850000381469727,27.989999771118164,26.01000022888184,26.90999984741211,15340000,0.0,0.0,60.21,65.92,-3.73,-1.13,3.9
2025-01-13,25.549999237060547,25.670000076293945,23.61000061035156,23.90999984741211,18040200,0.0,0.0,41.64,57.83,-11.4,-10.66,-7.78
2025-01-14,24.450000762939453,24.86000061035156,23.420000076293945,24.15999984741211,13862800,0.0,0.0,31.37,49.01,-7.28,-8.69,-7.1
2025-01-15,25.040000915527344,26.5,24.780000686645508,24.8700008392334,15252200,0.0,0.0,27.98,42.0,-2.25,-5.48,-4.45
2025-01-16,25.030000686645508,25.777000427246094,24.200000762939453,24.63999938964844,10860200,0.0,0.0,24.6,36.2,-1.04,-6.06,-5.11
2025-01-17,25.1299991607666,25.652999877929688,23.940000534057617,24.0,14068300,0.0,0.0,19.22,30.54,-1.3,-8.17,-7.15
2025-01-21,26.0,31.63999938964844,25.520000457763672,31.270000457763672,62027700,0.0,0.0,44.65,35.24,21.26,18.51,19.06
2025-01-22,29.64999961853028,30.18000030517578,28.440000534057617,29.6200008392334,27902200,0.0,0.0,54.91,41.8,10.19,11.9,11.42
2025-01-23,29.0,31.75,28.51000022888184,31.56999969482422,23888100,0.0,0.0,69.22,50.94,11.87,17.66,17.27
2025-01-24,32.029998779296875,33.34000015258789,30.200000762939453,30.36000061035156,23878600,0.0,0.0,69.47,57.11,3.39,11.9,11.79
2025-01-27,28.940000534057617,30.229999542236328,28.479999542236328,29.43000030517578,17477200,0.0,0.0,66.51,60.24,-3.35,7.48,7.8
2025-01-28,29.700000762939453,30.489999771118164,27.850000381469727,28.979999542236328,16086900,0.0,0.0,62.21,60.9,-3.37,3.91,6.05
2025-01-29,29.239999771118164,30.450000762939453,28.26000022888184,28.8700008392334,12874500,0.0,0.0,58.96,60.25,-3.26,1.79,5.33
2025-01-30,29.184999465942383,30.809999465942383,27.770000457763672,28.530000686645508,19556500,0.0,0.0,55.58,58.69,-2.41,-0.69,3.67
2025-01-31,28.75,30.530000686645508,28.25900077819824,29.049999237060547,20632300,0.0,0.0,52.1,56.5,0.27,-0.4,4.88
2025-02-03,27.190000534057617,29.18000030517578,26.450000762939453,28.3799991607666,18884700,0.0,0.0,44.07,52.35,-1.33,-4.14,1.83
2025-02-04,29.020000457763672,30.15999984741211,28.40999984741211,28.68000030517578,17138200,0.0,0.0,40.17,48.29,-0.08,-2.27,2.92
2025-02-05,28.959999084472656,29.13599967956543,27.850000381469727,28.600000381469727,15116200,0.0,0.0,37.18,44.59,-0.17,-2.21,2.67
2025-02-06,28.57999992370605,28.920000076293945,27.25,27.68000030517578,15384000,0.0,0.0,34.19,41.12,-2.8,-4.08,-0.59
2025-02-07,27.979999542236328,29.69099998474121,27.21999931335449,27.40999984741211,19260100,0.0,0.0,30.13,37.46,-2.63,-4.03,-1.57
2025-02-10,27.75,31.07999992370605,27.36000061035156,30.600000381469727,27264800,0.0,0.0,49.97,41.63,7.02,6.7,9.17
2025-02-11,29.86000061035156,30.31999969482422,28.07999992370605,28.21999931335449,20244700,0.0,0.0,46.05,43.1,-0.99,-1.34,-0.09
2025-02-12,28.01000022888184,28.57999992370605,27.39999961853028,27.6200008392334,15500000,0.0,0.0,39.13,41.78,-2.42,-3.01,-2.81
2025-02-13,28.07999992370605,28.381000518798828,27.01000022888184,28.299999237060547,18636400,0.0,0.0,39.4,40.99,-0.46,-0.54,-1.02
2025-02-14,28.239999771118164,28.64999961853028,27.040000915527344,28.020000457763672,15313000,0.0,0.0,34.54,38.84,-1.86,-1.17,-2.57
2025-02-18,28.270000457763672,29.788000106811523,27.38999938964844,27.739999771118164,20977200,0.0,0.0,29.01,35.56,-0.86,-1.93,-4.17
2025-02-19,28.0,28.295000076293945,25.729999542236328,25.93000030517578,18899000,0.0,0.0,20.58,30.57,-5.78,-7.43,-9.59
2025-02-20,25.979999542236328,26.14999961853028,23.8700008392334,25.26000022888184,22884800,0.0,0.0,20.15,27.09,-6.62,-8.74,-11.25
2025-02-21,25.895000457763672,25.93000030517578,23.36000061035156,23.549999237060547,16255100,0.0,0.0,14.25,22.81,-9.77,-13.63,-16.07
2025-02-24,23.739999771118164,23.89999961853028,21.71999931335449,22.489999771118164,19606100,0.0,0.0,12.49,19.37,-10.02,-16.0,-18.71
2025-02-25,21.700000762939453,22.15999984741211,19.780000686645508,20.280000686645508,29089000,0.0,0.0,9.99,16.24,-13.71,-21.22,-25.47
2025-02-26,21.01499938964844,21.459999084472656,20.5,21.25,16325100,0.0,0.0,11.56,14.68,-5.83,-15.15,-20.78
2025-02-27,21.975000381469727,22.15999984741211,19.7549991607666,19.82999992370605,23949000,0.0,0.0,7.95,12.44,-7.68,-18.28,-24.8
2025-02-28,16.360000610351562,20.489999771118164,16.170000076293945,20.489999771118164,37550700,0.0,0.0,15.88,13.58,-1.81,-12.75,-21.1
2025-03-03,21.239999771118164,21.450000762939453,18.39999961853028,18.65999984741211,26785200,0.0,0.0,17.43,14.87,-7.17,-17.24,-26.68
2025-03-04,17.969999313354492,19.950000762939453,17.510000228881836,18.9950008392334,25807900,0.0,0.0,21.06,16.93,-4.28,-12.36,-23.96
2025-03-05,19.114999771118164,20.84000015258789,18.770000457763672,20.39999961853028,18412400,0.0,0.0,28.48,20.78,3.68,-3.41,-16.96
2025-03-06,19.57999992370605,20.270000457763672,18.3700008392334,18.65999984741211,18086800,0.0,0.0,29.73,23.76,-4.02,-8.8,-22.47
2025-03-07,18.290000915527344,19.100000381469727,17.670000076293945,18.799999237060547,16108800,0.0,0.0,34.45,27.33,-1.59,-5.93,-20.42
2025-03-10,18.200000762939453,18.229999542236328,16.469999313354492,17.1200008392334,21122000,0.0,0.0,28.26,27.64,-8.91,-11.97,-25.92
2025-03-11,16.309999465942383,18.13999938964844,16.049999237060547,17.829999923706055,15509200,0.0,0.0,28.55,27.94,-3.94,-7.15,-20.66
2025-03-12,18.920000076293945,19.3799991607666,17.579999923706055,18.43000030517578,19095600,0.0,0.0,33.72,29.87,1.44,-2.6,-16.16
2025-03-13,18.34499931335449,18.520000457763672,17.291000366210938,17.56999969482422,10493900,0.0,0.0,31.86,30.53,-2.12,-6.02,-18.2
2025-03-14,18.09499931335449,18.96500015258789,17.799999237060547,18.809999465942383,12008900,0.0,0.0,40.45,33.84,4.78,1.52,-10.45
2025-03-17,19.09000015258789,19.950000762939453,18.850000381469727,19.100000381469727,15581600,0.0,0.0,48.19,38.62,4.1,2.85,-7.1
2025-03-18,18.59499931335449,18.59499931335449,17.959999084472656,17.979999542236328,9768300,0.0,0.0,47.37,41.54,-2.17,-2.65,-10.42
2025-03-19,18.299999237060547,19.06999969482422,17.780000686645508,18.780000686645508,12096300,0.0,0.0,54.91,46.0,1.8,2.58,-4.74
2025-03-20,18.39999961853028,18.8700008392334,18.15999984741211,18.530000686645508,8509000,0.0,0.0,57.81,49.93,-0.59,1.28,-4.37
2025-03-21,18.104999542236328,18.979999542236328,17.979999542236328,18.940000534057617,16743600,0.0,0.0,63.24,54.37,1.47,3.45,-1.08
2025-03-24,19.44499969482422,20.450000762939453,19.40999984741211,20.209999084472656,13807100,0.0,0.0,72.96,60.57,7.0,8.55,6.18
2025-03-25,20.295000076293945,20.38999938964844,19.61000061035156,20.270000457763672,12026500,0.0,0.0,80.07,67.07,4.78,7.46,6.5
2025-03-26,20.040000915527344,20.34499931335449,19.39200019836425,19.440000534057617,12762900,0.0,0.0,74.11,69.41,-0.2,2.52,2.63
2025-03-27,19.049999237060547,19.290000915527344,18.309999465942383,18.420000076293945,11754300,0.0,0.0,57.39,65.41,-5.32,-3.3,-2.39
2025-03-28,19.559999465942383,19.790000915527344,18.43000030517578,18.6200008392334,25511900,0.0,0.0,48.75,59.86,-3.98,-2.15,-0.84
2025-03-31,17.889999389648438,18.395000457763672,17.35099983215332,17.8799991607666,15132500,0.0,0.0,38.19,52.63,-5.53,-5.43,-4.59
2025-04-01,17.690000534057617,18.799999237060547,17.110000610351562,18.14999961853028,14075300,0.0,0.0,35.84,47.04,-1.9,-4.09,-2.93
2025-04-02,17.59000015258789,19.75,17.5,19.34000015258789,15260400,0.0,0.0,46.15,46.74,4.64,1.9,3.73
2025-04-03,17.770000457763672,18.309999465942383,17.420000076293945,17.889999389648438,16592900,0.0,0.0,38.55,44.01,-2.64,-5.42,-3.85
2025-04-04,17.125,17.3799991607666,15.0,16.3700008392334,22799700,0.0,0.0,34.17,40.73,-8.68,-12.27,-11.44
2025-04-07,14.71500015258789,18.239999771118164,14.710000038146973,17.520000457763672,23935500,0.0,0.0,39.4,40.29,-1.87,-4.73,-5.32
2025-04-08,18.53700065612793,19.38999938964844,16.729999542236328,17.18000030517578,19958400,0.0,0.0,42.48,41.02,-2.72,-4.98,-6.99
2025-04-09,17.5,21.38999938964844,17.200000762939453,20.59000015258789,31470400,0.0,0.0,57.66,46.56,14.96,13.16,10.82
2025-04-10,19.809999465942383,20.739999771118164,18.93000030517578,19.6299991607666,16731400,0.0,0.0,62.99,52.04,7.51,7.17,5.07
2025-04-11,19.559999465942383,19.96999931335449,18.8700008392334,19.6299991607666,15484400,0.0,0.0,66.54,56.87,3.81,6.58,4.84
2025-04-14,20.309999465942383,20.459999084472656,18.65999984741211,19.1299991607666,13196800,0.0,0.0,66.42,60.06,-0.53,3.17,2.16
2025-04-15,19.950000762939453,22.100000381469727,19.770000457763672,21.06999969482422,30434200,0.0,0.0,72.97,64.36,5.3,11.87,11.6
2025-04-16,20.299999237060547,20.63999938964844,19.51000022888184,19.975000381469727,14733000,0.0,0.0,72.39,67.04,0.44,5.7,5.47
2025-04-17,20.084999084472656,20.43000030517578,19.420000076293945,19.739999771118164,9225400,0.0,0.0,70.95,68.34,-0.85,3.44,3.9
2025-04-21,19.46999931335449,19.71999931335449,18.209999084472656,18.64999961853028,9055600,0.0,0.0,59.22,65.3,-5.39,-3.43,-1.77
2025-04-22,18.8799991607666,19.420000076293945,18.549999237060547,19.040000915527344,9383900,0.0,0.0,52.0,60.87,-3.33,-2.18,0.6
2025-04-23,20.450000762939453,21.39999961853028,20.09000015258789,20.290000915527344,17819300,0.0,0.0,52.49,58.07,3.84,2.61,7.2
2025-04-24,20.309999465942383,22.06999969482422,20.020000457763672,21.8799991607666,15536400,0.0,0.0,66.44,60.86,9.84,9.93,14.86
2025-04-25,21.989999771118164,22.559999465942383,21.75,22.3799991607666,13775600,0.0,0.0,76.25,65.99,9.45,10.91,16.27
2025-04-28,23.200000762939453,23.770000457763672,21.722000122070312,22.670000076293945,13139000,0.0,0.0,77.57,69.85,6.67,10.68,16.55
2025-04-29,22.82999992370605,23.0,22.299999237060547,22.39999961853028,6646500,0.0,0.0,76.83,72.18,2.17,7.64,13.84
2025-04-30,21.200000762939453,22.100000381469727,20.729999542236328,21.790000915527344,10400100,0.0,0.0,72.69,72.35,-1.95,4.35,9.73
2025-05-01,22.364999771118164,22.3799991607666,21.700000762939453,22.1200008392334,8397400,0.0,0.0,71.9,72.2,-0.68,4.85,10.62
2025-05-02,22.3799991607666,23.420000076293945,22.34000015258789,22.989999771118164,12728900,0.0,0.0,76.28,73.56,2.66,7.32,13.52
2025-05-05,22.559999465942383,22.924999237060547,22.26000022888184,22.479999542236328,8016300,0.0,0.0,72.72,73.28,0.55,3.1,9.35
2025-05-06,21.915000915527344,22.440000534057617,21.50200080871582,22.3700008392334,7751400,0.0,0.0,69.37,71.98,0.09,1.05,7.55
2025-05-07,22.39999961853028,22.479999542236328,21.84499931335449,22.290000915527344,7727300,0.0,0.0,63.35,69.1,-0.71,-0.21,5.86
2025-05-08,23.02499961853028,23.200000762939453,22.25,23.100000381469727,15754000,0.0,0.0,68.22,68.81,2.0,2.85,9.06
2025-05-09,22.89999961853028,22.89999961853028,20.23200035095215,20.51000022888184,30349700,0.0,0.0,48.39,62.0,-7.4,-7.91,-3.37
2025-05-12,21.7549991607666,21.799999237060547,20.88500022888184,21.26000022888184,15229700,0.0,0.0,43.01,55.67,-2.95,-3.94,-0.22
2025-05-13,21.68000030517578,22.3700008392334,21.440000534057617,21.82999992370605,14950700,0.0,0.0,45.38,52.24,0.15,-1.11,1.81
2025-05-14,21.989999771118164,24.520000457763672,21.86000061035156,24.1299991607666,36800900,0.0,0.0,60.55,55.01,8.86,8.17,11.74
2025-05-15,23.59000015258789,25.229999542236328,22.770000457763672,25.21999931335449,27530600,0.0,0.0,73.64,61.22,11.64,11.5,15.39
2025-05-16,25.299999237060547,25.75,24.93000030517578,25.56999969482422,24452900,0.0,0.0,81.34,67.93,8.34,11.78,15.45
2025-05-19,24.299999237060547,25.81999969482422,24.290000915527344,25.799999237060547,17316300,0.0,0.0,87.44,74.43,5.26,11.17,14.64
2025-05-20,25.940000534057617,26.39699935913086,25.34000015258789,26.0,18173600,0.0,0.0,89.48,79.45,2.59,10.31,13.77
2025-05-21,25.655000686645508,26.65999984741211,25.040000915527344,25.170000076293945,17081800,0.0,0.0,85.26,81.38,-1.49,5.49,8.97
2025-05-22,24.75,26.56800079345703,23.920000076293945,25.81999969482422,18681200,0.0,0.0,85.32,82.7,0.58,7.0,10.84
2025-05-23,25.334999084472656,25.51499938964844,24.670000076293945,25.420000076293945,14249900,0.0,0.0,82.3,82.56,-0.87,3.24,8.41
2025-05-27,26.600000381469727,28.76000022888184,26.57999992370605,28.76000022888184,21781500,0.0,0.0,88.2,84.44,9.63,13.35,21.09
2025-05-28,29.90999984741211,30.780000686645508,28.520000457763672,28.93000030517578,30832500,0.0,0.0,84.43,84.44,7.87,10.92,20.15
2025-05-29,29.690000534057617,30.030000686645508,27.26000022888184,27.350000381469727,16266100,0.0,0.0,72.96,80.61,0.34,3.58,12.29
2025-05-30,27.01499938964844,27.21999931335449,26.030000686645508,26.790000915527344,12706300,0.0,0.0,62.58,74.6,-2.4,0.86,8.95
2025-06-02,26.5,27.0,25.809999465942383,26.600000381469727,10757100,0.0,0.0,54.74,67.98,-3.92,-0.24,7.39
2025-06-03,27.38500022888184,28.0,26.46999931335449,26.71999931335449,12186500,0.0,0.0,50.1,62.02,-2.05,-0.13,6.96
2025-06-04,26.75,27.459999084472656,26.15999984741211,26.90999984741211,11683000,0.0,0.0,47.93,57.32,0.13,0.23,6.75
2025-06-05,26.8799991607666,26.959999084472656,25.520000457763672,26.450000762939453,27953900,0.0,0.0,41.66,52.1,-0.91,-1.95,4.06
2025-06-06,28.15999984741211,29.09000015258789,26.350000381469727,28.920000076293945,34136500,0.0,0.0,49.32,51.18,6.64,5.99,12.49
2025-06-09,30.0,32.70000076293945,28.354999542236328,29.63999938964844,60217100,0.0,0.0,52.01,51.45,6.9,6.98,13.28
2025-06-10,29.56999969482422,29.790000915527344,27.0,27.170000076293945,30798100,0.0,0.0,42.33,48.41,-2.33,-1.37,2.68
2025-06-11,27.71500015258789,28.040000915527344,26.88999938964844,27.36000061035156,21283400,0.0,0.0,36.76,44.53,-1.96,-0.11,2.33
2025-06-12,27.040000915527344,27.40999984741211,26.280000686645508,26.39999961853028,12967500,0.0,0.0,28.59,39.22,-5.37,-3.28,-1.68
2025-06-13,25.64999961853028,26.51000022888184,25.239999771118164,25.40999984741211,15593900,0.0,0.0,19.82,32.75,-6.57,-6.44,-5.4
2025-06-16,25.8700008392334,26.57999992370605,25.600000381469727,26.549999237060547,13601300,0.0,0.0,19.07,28.19,-0.11,-2.22,-1.33
2025-06-17,26.100000381469727,27.21999931335449,25.709999084472656,26.420000076293945,14498900,0.0,0.0,17.98,24.79,-0.03,-2.59,-1.93
2025-06-18,26.39999961853028,28.065000534057617,26.229999542236328,27.850000381469727,18457700,0.0,0.0,23.65,24.41,4.99,2.33,3.03
2025-06-20,28.350000381469727,30.11000061035156,27.84000015258789,30.040000915527344,37066000,0.0,0.0,37.22,28.68,10.22,8.94,10.14
2025-06-23,28.924999237060547,32.93000030517578,28.440000534057617,32.779998779296875,44056800,0.0,0.0,57.49,38.28,14.1,17.23,18.67
2025-06-24,33.08000183105469,34.22999954223633,32.43000030517578,33.459999084472656,28392600,0.0,0.0,68.81,48.46,11.13,18.05,19.39
2025-06-25,34.0,34.5,31.780000686645508,32.349998474121094,22969800,0.0,0.0,71.47,56.13,3.37,12.09,14.7
2025-06-26,32.40999984741211,37.27000045776367,32.40999984741211,36.13999938964844,41601800,0.0,0.0,77.85,63.37,9.67,21.52,26.52
2025-06-27,36.64500045776367,37.65999984741211,34.83000183105469,35.380001068115234,75749300,0.0,0.0,78.93,68.55,3.99,15.48,22.14
2025-06-30,36.53499984741211,37.95000076293945,35.41999816894531,35.77000045776367,18438400,0.0,0.0,80.02,72.37,3.32,12.93,21.6
2025-07-01,37.01499938964844,38.2599983215332,33.880001068115234,34.33000183105469,26656500,0.0,0.0,75.79,73.51,-1.33,5.79,15.19
2025-07-02,34.38999938964844,35.790000915527344,33.72999954223633,35.68000030517578,14865600,0.0,0.0,75.61,74.21,0.62,6.9,17.95
2025-07-03,35.790000915527344,36.209999084472656,35.25,35.65999984741211,7976000,0.0,0.0,74.91,74.44,0.84,4.39,16.2
2025-07-07,36.97999954223633,39.060001373291016,35.275001525878906,38.880001068115234,35564100,0.0,0.0,82.45,77.11,7.81,10.95,24.18
2025-07-08,38.4900016784668,39.93999862670898,37.97999954223633,38.7400016784668,27769400,0.0,0.0,83.4,79.21,5.68,8.7,21.82
2025-07-09,38.52999877929688,39.43000030517578,37.77000045776367,39.13999938964844,16267300,0.0,0.0,85.39,81.27,4.04,8.1,21.27
2025-07-10,39.16999816894531,39.68000030517578,38.130001068115234,39.09999847412109,13663800,0.0,0.0,85.75,82.76,2.08,6.01,18.95
2025-07-11,38.970001220703125,40.29999923706055,38.59999847412109,39.02999877929688,16371500,0.0,0.0,84.06,83.19,0.13,5.0,16.66
2025-07-14,39.29999923706055,43.470001220703125,38.77000045776367,43.209999084472656,29196200,0.0,0.0,88.48,84.96,8.45,13.85,25.99
2025-07-15,43.290000915527344,45.47999954223633,42.82099914550781,44.59999847412109,29999700,0.0,0.0,89.82,86.58,8.74,14.84,26.51
2025-07-16,45.54999923706055,48.06999969482422,44.86000061035156,47.68999862670898,26692300,0.0,0.0,92.23,88.46,11.62,18.71,31.33
2025-07-17,48.70000076293945,53.43999862670898,48.59999847412109,51.33000183105469,46760200,0.0,0.0,90.95,89.29,13.63,22.98,36.67
2025-07-18,50.650001525878906,51.84999847412109,47.90999984741211,51.38999938964844,32919600,0.0,0.0,89.6,89.4,7.86,18.65,32.67
2025-07-21,50.04999923706055,51.58000183105469,46.84999847412109,47.18999862670898,29305900,0.0,0.0,79.77,86.19,-2.58,6.9,19.19
2025-07-22,45.9900016784668,47.869998931884766,44.459999084472656,46.880001068115234,24381700,0.0,0.0,72.23,81.54,-4.12,4.28,16.33
2025-07-23,47.619998931884766,49.27999877929688,46.93000030517578,49.150001525878906,18179900,0.0,0.0,71.85,78.31,-0.08,6.95,19.64
2025-07-24,49.29999923706055,49.619998931884766,47.310001373291016,48.130001068115234,12600600,0.0,0.0,69.17,75.26,-0.86,2.71,14.95
2025-07-25,47.900001525878906,48.22999954223633,46.45000076293945,47.43000030517578,14517900,0.0,0.0,60.58,70.37,-0.68,-0.57,11.77
2025-07-28,47.95500183105469,48.165000915527344,44.40999984741211,45.11000061035156,20928700,0.0,0.0,42.97,61.24,-4.71,-5.8,5.1
2025-07-29,45.40999984741211,45.5099983215332,42.83000183105469,43.790000915527344,14706500,0.0,0.0,31.66,51.38,-6.28,-8.41,1.08
2025-07-30,43.86000061035156,46.560001373291016,43.36000061035156,46.43999862670898,16853400,0.0,0.0,34.45,45.74,0.56,-2.61,5.72
2025-07-31,46.369998931884766,47.720001220703125,45.43000030517578,45.91999816894531,13041500,0.0,0.0,34.74,42.07,0.4,-2.59,3.33
2025-08-01,43.19499969482422,46.16999816894531,42.31499862670898,44.810001373291016,16566300,0.0,0.0,34.54,39.56,-0.89,-3.6,-0.2
2025-08-04,45.09999847412109,45.79999923706055,44.06999969482422,44.540000915527344,11625100,0.0,0.0,33.18,37.43,-1.24,-3.63,-1.42
2025-08-05,45.119998931884766,45.380001068115234,43.130001068115234,44.75,10920400,0.0,0.0,33.23,36.03,-1.2,-2.73,-1.61
2025-08-06,44.709999084472656,45.09999847412109,43.66999816894531,44.09999847412109,8051600,0.0,0.0,32.21,34.76,-1.62,-3.08,-3.56
2025-08-07,44.185001373291016,44.58000183105469,43.09999847412109,44.209999084472656,21522100,0.0,0.0,32.27,33.93,-0.61,-2.0,-3.86
2025-08-08,47.540000915527344,49.91999816894531,43.5,44.68999862670898,39170200,0.0,0.0,31.93,33.26,0.52,-0.33,-3.41
2025-08-11,44.650001525878906,46.09999847412109,41.505001068115234,45.02000045776367,24893500,0.0,0.0,35.21,33.91,1.05,0.43,-2.89
2025-08-12,45.369998931884766,47.27000045776367,43.41999816894531,43.43000030517578,20848000,0.0,0.0,31.1,32.97,-1.94,-3.04,-6.2
2025-08-13,44.0,44.70000076293945,42.43999862670898,43.0,14523600,0.0,0.0,26.65,30.87,-2.43,-3.26,-6.65
2025-08-14,42.7599983215332,45.68999862670898,42.0099983215332,42.810001373291016,18472900,0.0,0.0,22.94,28.22,-2.24,-3.0,-6.2
2025-08-15,42.97499847412109,44.880001068115234,41.75,44.27000045776367,14183100,0.0,0.0,26.24,27.56,1.29,0.43,-2.24
2025-08-18,44.29999923706055,47.08000183105469,44.02999877929688,44.970001220703125,21268900,0.0,0.0,31.22,28.78,2.92,1.92,-0.45
2025-08-19,45.09999847412109,45.15999984741211,40.900001525878906,40.91999816894531,24104800,0.0,0.0,20.89,26.15,-5.26,-6.45,-8.81
2025-08-20,40.209999084472656,40.86000061035156,38.2599983215332,40.68999862670898,20325000,0.0,0.0,20.87,24.39,-4.78,-6.25,-8.46
2025-08-21,40.77999877929688,41.869998931884766,40.220001220703125,41.52999877929688,14951500,0.0,0.0,26.01,24.93,-2.23,-3.72,-5.87
2025-08-22,40.970001220703125,44.68399810791016,40.41899871826172,44.380001068115234,18818200,0.0,0.0,39.98,29.95,4.43,2.97,0.93
2025-08-25,45.15999984741211,49.59000015258789,44.04999923706055,47.220001220703125,30133200,0.0,0.0,53.02,37.64,9.95,9.0,7.14
2025-08-26,47.72999954223633,50.91999816894531,47.0,48.130001068115234,47698000,0.0,0.0,61.33,45.54,8.43,9.91,8.67
2025-08-27,48.68000030517578,48.7400016784668,45.81999969482422,46.25,16784700,0.0,0.0,61.93,51.0,1.64,4.83,4.44
2025-08-28,46.880001068115234,47.97499847412109,45.34000015258789,47.90999984741211,16940200,0.0,0.0,66.69,56.23,2.42,7.36,7.95
2025-08-29,47.84999847412109,48.79999923706055,46.02000045776367,48.59999847412109,15897800,0.0,0.0,71.69,61.38,2.05,7.86,9.04
2025-09-02,46.75,49.540000915527344,45.68000030517578,49.310001373291016,20305200,0.0,0.0,76.88,66.55,2.64,8.39,10.04
2025-09-03,50.27000045776367,50.900001525878906,43.512001037597656,43.52999877929688,33322300,0.0,0.0,61.57,64.89,-7.62,-4.86,-2.72
2025-09-04,44.15999984741211,44.58000183105469,42.70000076293945,42.9900016784668,17273100,0.0,0.0,49.21,59.66,-7.48,-6.51,-3.81
2025-09-05,43.56499862670898,45.9900016784668,42.38999938964844,45.84000015258789,17362000,0.0,0.0,46.29,55.2,-0.46,-1.24,2.38
2025-09-08,45.5,48.20000076293945,45.48799896240234,47.72999954223633,18846400,0.0,0.0,51.72,54.04,4.03,2.09,6.24
2025-09-09,47.0099983215332,47.52999877929688,45.512001037597656,47.02999877929688,13243700,0.0,0.0,52.66,53.58,3.54,0.64,4.45
2025-09-10,47.52999877929688,48.11000061035156,45.59999847412109,46.16999816894531,11638500,0.0,0.0,49.91,52.36,0.47,-0.79,2.23
2025-09-11,46.31999969482422,49.665000915527344,46.05500030517578,48.43000030517578,22816300,0.0,0.0,56.93,53.88,2.95,3.58,6.59
2025-09-12,48.97999954223633,54.02999877929688,48.61100006103516,53.34000015258789,27889800,0.0,0.0,69.31,59.03,9.89,12.78,16.05
2025-09-15,53.58000183105469,55.16999816894531,52.720001220703125,54.040000915527344,23957100,0.0,0.0,76.59,64.88,8.51,12.96,16.34
2025-09-16,52.0,52.08000183105469,47.0099983215332,47.244998931884766,42608100,0.0,0.0,63.73,64.5,-5.22,-0.82,1.46
2025-09-17,47.56499862670898,48.540000915527344,46.45000076293945,48.08000183105469,20731000,0.0,0.0,57.32,62.11,-4.27,-0.02,2.47
2025-09-18,48.91999816894531,49.18999862670898,47.0,47.18000030517578,19434100,0.0,0.0,44.04,56.08,-5.6,-2.74,-0.14
2025-09-19,47.68000030517578,48.93000030517578,47.130001068115234,47.790000915527344,26870000,0.0,0.0,37.22,49.8,-2.2,-1.88,0.48
2025-09-22,47.130001068115234,50.2599983215332,46.79999923706055,49.810001373291016,22995900,0.0,0.0,39.48,46.36,3.73,1.84,4.14
2025-09-23,49.025001525878906,54.15800094604492,47.90999984741211,52.90999984741211,38064000,0.0,0.0,51.39,48.03,7.64,6.89,9.96
2025-09-24,51.79499816894531,52.47999954223633,48.43000030517578,48.68999862670898,30681600,0.0,0.0,42.82,46.3,-1.19,-2.13,1.13
2025-09-25,48.0,48.619998931884766,45.209999084472656,46.630001068115234,22418500,0.0,0.0,33.3,41.96,-5.16,-5.93,-3.18
2025-09-26,47.29999923706055,47.68999862670898,45.83000183105469,46.2599983215332,14907100,0.0,0.0,26.11,36.68,-5.32,-5.33,-3.79
2025-09-29,47.400001525878906,48.09999847412109,46.369998931884766,47.0099983215332,16145400,0.0,0.0,24.11,32.49,-2.67,-2.39,-2.06
2025-09-30,47.209999084472656,47.9900016784668,46.5099983215332,47.90999984741211,14856100,0.0,0.0,26.13,30.37,1.29,-0.66,-0.04
2025-10-01,47.380001068115234,49.41999816894531,47.119998931884766,47.970001220703125,25640200,0.0,0.0,27.7,29.48,1.73,-0.51,-0.38
2025-10-02,48.63999938964844,52.650001525878906,48.5099983215332,52.470001220703125,35212900,0.0,0.0,45.51,34.83,8.58,7.64,7.9
2025-10-03,52.04999923706055,56.93899917602539,51.2599983215332,56.15999984741211,37741900,0.0,0.0,61.46,43.71,11.64,13.27,14.28
2025-10-06,56.8650016784668,59.2599983215332,55.79999923706055,58.5,31020500,0.0,0.0,72.51,53.31,11.21,15.95,17.75
2025-10-07,59.0099983215332,62.560001373291016,57.02000045776367,61.5099983215332,36545600,0.0,0.0,79.65,62.09,11.19,19.88,22.03
2025-10-08,64.1500015258789,68.53399658203125,63.650001525878906,65.30999755859375,36149900,0.0,0.0,81.7,68.63,11.09,23.29,27.16
2025-10-09,64.9000015258789,68.54000091552734,64.41999816894531,66.41999816894531,25844500,0.0,0.0,84.61,73.96,7.86,20.87,27.09
2025-10-10,70.80000305175781,73.5,64.13999938964844,64.26000213623047,40876800,0.0,0.0,78.33,75.41,1.68,13.23,21.69
2025-10-13,67.87999725341797,70.44000244140625,64.62200164794922,65.41999816894531,26180300,0.0,0.0,75.34,75.39,1.29,11.65,22.56
2025-10-14,65.33999633789062,69.66999816894531,62.18999862670898,68.02999877929688,27623500,0.0,0.0,76.27,75.68,3.25,12.25,25.02
2025-10-15,70.0199966430664,73.97000122070312,67.08000183105469,69.2699966430664,26290800,0.0,0.0,77.28,76.21,3.88,10.42,24.87
2025-10-16,70.06999969482422,72.25,66.42500305175781,67.0,23835200,0.0,0.0,72.07,74.83,0.31,4.38,18.65
2025-10-17,65.88999938964844,68.5,63.70000076293945,66.2699966430664,16892900,0.0,0.0,66.23,71.97,-1.38,1.64,15.47
2025-10-20,69.13500213623047,72.18000030517578,66.67500305175781,67.3499984741211,25835200,0.0,0.0,58.76,67.56,-0.35,1.92,15.59
2025-10-21,68.04000091552734,68.04000091552734,64.86000061035156,65.4000015258789,17508200,0.0,0.0,48.25,61.13,-2.47,-1.61,11.05
2025-10-22,62.970001220703125,64.0199966430664,58.40999984741211,60.56499862670898,22149400,0.0,0.0,36.79,53.01,-7.28,-8.23,1.81
2025-10-23,61.560001373291016,64.69999694824219,60.75,63.56999969482422,13226400,0.0,0.0,35.58,47.2,-1.64,-3.26,5.37
2025-10-24,64.80999755859375,66.18000030517578,63.650001525878906,64.55999755859375,12041200,0.0,0.0,36.89,43.77,0.42,-1.8,5.41
2025-10-27,66.19000244140625,66.3499984741211,64.1500015258789,65.62000274658203,19183300,0.0,0.0,40.04,42.52,2.62,-0.22,5.54
2025-10-28,65.67500305175781,66.54000091552734,63.61000061035156,63.75,11772900,0.0,0.0,39.56,41.53,0.22,-2.43,1.24
2025-10-29,64.1449966430664,67.38999938964844,63.47999954223633,66.16000366210938,17907200,0.0,0.0,45.13,42.73,2.21,1.75,3.57
2025-10-30,65.0,65.18000030517578,60.88999938964844,60.91999816894531,12479000,0.0,0.0,36.16,40.54,-5.11,-5.43,-5.26
2025-10-31,61.77000045776367,63.45000076293945,60.400001525878906,62.97999954223633,13830100,0.0,0.0,39.93,40.34,-1.42,-1.73,-2.57
2025-11-03,63.02999877929688,63.09999847412109,59.130001068115234,61.34000015258789,11463500,0.0,0.0,37.49,39.39,-2.68,-3.38,-5.32
2025-11-04,57.79999923706055,59.4900016784668,56.5099983215332,56.56999969482422,13725500,0.0,0.0,25.18,34.65,-8.16,-9.64,-12.35
2025-11-05,56.65999984741211,57.27999877929688,54.869998931884766,56.41999816894531,13254300,0.0,0.0,20.91,30.07,-5.41,-9.28,-11.97
2025-11-06,56.209999084472656,56.209999084472656,49.40999984741211,49.61000061035156,21053100,0.0,0.0,14.31,24.82,-13.55,-18.4,-21.57
2025-11-07,47.65700149536133,52.09999847412109,46.31100082397461,51.63999938964844,25058800,0.0,0.0,17.97,22.54,-6.31,-13.21,-17.54
2025-11-10,53.7400016784668,54.5,50.7599983215332,51.900001525878906,22929800,0.0,0.0,20.82,21.96,-2.49,-10.72,-16.22
2025-11-11,56.0,56.959999084472656,51.209999084472656,51.2400016784668,33240100,0.0,0.0,22.59,22.17,-1.77,-9.91,-16.15
2025-11-12,51.93000030517578,55.33000183105469,49.65999984741211,49.970001220703125,21987100,0.0,0.0,22.17,22.17,-1.77,-9.57,-16.91
2025-11-13,48.7599983215332,49.380001068115234,44.369998931884766,45.25,26517100,0.0,0.0,16.35,20.23,-9.5,-15.72,-23.38
2025-11-14,43.709999084472656,47.220001220703125,43.29999923706055,45.540000915527344,21107100,0.0,0.0,15.51,18.66,-6.64,-12.34,-21.51
2025-11-17,45.150001525878906,45.68199920654297,42.22499847412109,43.310001373291016,17583500,0.0,0.0,12.74,16.69,-7.97,-13.63,-23.77
2025-11-18,42.220001220703125,43.61000061035156,41.22999954223633,42.77999877929688,16982000,0.0,0.0,11.78,15.05,-5.71,-12.27,-23.17
2025-11-19,42.5,44.52999877929688,42.43000030517578,43.619998931884766,15304000,0.0,0.0,12.92,14.34,-1.09,-8.14,-20.46
2025-11-20,46.08000183105469,46.2599983215332,39.31999969482422,39.47999954223633,25029300,0.0,0.0,8.91,12.53,-8.07,-15.05,-26.39
2025-11-21,39.83000183105469,41.04499816894531,37.56999969482422,40.29999923706055,18870000,0.0,0.0,10.64,11.9,-3.81,-11.11,-23.12
2025-11-24,40.7599983215332,42.52999877929688,39.29999923706055,42.45000076293945,20281000,0.0,0.0,16.25,13.35,1.74,-4.38,-17.19
2025-11-25,42.02999877929688,42.80500030517578,40.380001068115234,42.59999847412109,10568800,0.0,0.0,25.03,17.24,2.18,-2.14,-15.15
2025-11-26,43.2400016784668,43.59000015258789,41.380001068115234,41.93000030517578,10906100,0.0,0.0,31.75,22.08,1.4,-1.86,-14.42
2025-11-28,42.5099983215332,42.70000076293945,41.79999923706055,42.13999938964844,5636800,0.0,0.0,38.69,27.62,0.61,-0.65,-12.31
2025-12-01,41.150001525878906,41.29999923706055,39.97999954223633,40.369998931884766,13260600,0.0,0.0,36.54,30.59,-3.65,-3.65,-13.97
2025-12-02,40.560001373291016,42.9900016784668,40.41999816894531,41.900001525878906,13390800,0.0,0.0,40.97,34.05,0.27,0.34,-8.82
2025-12-03,41.89500045776367,44.7400016784668,41.5,44.720001220703125,14385200,0.0,0.0,54.74,40.95,5.94,6.6,-1.41
2025-12-04,45.64500045776367,49.68000030517578,44.81999969482422,49.369998931884766,28366600,0.0,0.0,68.97,50.29,12.97,16.09,9.7
2025-12-05,48.875,49.70000076293945,47.70000076293945,49.05500030517578,14633100,0.0,0.0,77.25,59.27,8.81,12.81,9.06
2025-12-08,50.08000183105469,52.369998931884766,49.220001220703125,51.560001373291016,21748500,0.0,0.0,82.65,67.07,8.96,15.58,14.64
2025-12-09,51.22999954223633,53.75,50.34000015258789,53.43000030517578,17526200,0.0,0.0,87.66,73.93,7.66,16.9,18.6
2025-12-10,53.43999862670898,58.83000183105469,52.25,57.52000045776367,38839900,0.0,0.0,89.46,79.11,10.22,21.87,26.79
2025-12-11,57.5099983215332,64.1500015258789,56.84999847412109,63.52999877929688,31378800,0.0,0.0,92.12,83.44,15.47,28.71,37.98
2025-12-12,62.5,65.18000030517578,59.79999923706055,61.4900016784668,33545300,0.0,0.0,89.78,85.55,6.93,19.88,31.24
2025-12-15,63.05199813842773,64.55999755859375,55.08000183105469,55.40999984741211,32932200,0.0,0.0,79.43,83.51,-4.92,4.95,17.03
2025-12-16,54.18999862670898,56.72999954223633,52.68000030517578,55.4900016784668,22447400,0.0,0.0,70.42,79.15,-5.45,2.46,15.71
2025-12-17,56.09999847412109,56.90999984741211,53.084999084472656,53.959999084472656,23761100,0.0,0.0,58.89,72.4,-6.93,-2.04,11.22
2025-12-18,56.20000076293945,60.25,56.02999877929688,59.91999816894531,27939400,0.0,0.0,61.61,68.8,4.66,6.74,21.46
2025-12-19,61.119998931884766,70.55999755859375,60.74700164794922,70.5199966430664,52764800,0.0,0.0,74.34,70.64,19.4,21.0,38.59
2025-12-22,72.94000244140625,78.44999694824219,72.75199890136719,77.55000305175781,48279600,0.0,0.0,81.75,74.35,22.15,27.38,47.03
2025-12-23,73.80999755859375,79.18000030517578,73.29000091552734,77.18000030517578,35673300,0.0,0.0,85.32,78.0,13.79,22.01,41.66
2025-12-24,78.03500366210938,79.83000183105469,74.8010025024414,77.18000030517578,16720600,0.0,0.0,86.96,80.99,6.5,18.33,37.3
2025-12-26,76.68000030517578,76.98999786376953,70.38999938964844,70.6500015258789,23157800,0.0,0.0,80.03,80.67,-5.32,7.15,22.56
2025-12-29,69.5,72.73999786376953,69.3219985961914,70.12000274658203,18294100,0.0,0.0,74.77,78.7,-5.92,4.97,18.75
2025-12-30,73.0250015258789,74.69000244140625,70.44000244140625,70.44999694824219,30151700,0.0,0.0,71.49,76.3,-3.65,3.14,16.35
2025-12-31,71.5,73.19599914550781,69.12999725341797,69.76000213623047,17594200,0.0,0.0,66.89,73.16,-2.61,0.04,12.62
2026-01-02,70.62999725341797,76.23999786376953,66.8499984741211,75.98999786376953,31517600,0.0,0.0,71.22,72.51,6.44,5.64,19.66
2026-01-05,74.62000274658203,78.25,71.30999755859375,78.13999938964844,33498600,0.0,0.0,76.47,73.83,7.2,5.95,20.32
2026-01-06,77.76000213623047,86.25,74.05000305175781,86.02999877929688,43669700,0.0,0.0,83.94,77.2,13.09,14.24,28.8
2026-01-07,84.0999984741211,85.95999908447266,81.8499984741211,84.08000183105469,28603500,0.0,0.0,85.56,79.99,6.7,10.69,22.89
2026-01-08,85.5,89.87000274658203,82.26000213623047,83.08000183105469,29874200,0.0,0.0,80.54,80.17,1.98,8.53,18.85
2026-01-09,84.5250015258789,88.43000030517578,82.44999694824219,84.8499984741211,23780400,0.0,0.0,79.76,80.04,1.94,9.75,19.06
2026-01-12,84.9800033569336,88.83999633789062,83.41899871826172,87.9000015258789,22125000,0.0,0.0,83.65,81.24,3.18,11.21,21.26
2026-01-13,89.13999938964844,89.72899627685547,85.6500015258789,86.58000183105469,21759500,0.0,0.0,84.34,82.27,1.5,7.3,17.41
2026-01-14,86.3499984741211,92.19000244140624,84.5,91.8000030517578,28346000,0.0,0.0,89.05,84.53,5.71,10.84,21.49
2026-01-15,89.26499938964844,92.45899963378906,86.6500015258789,90.76000213623048,24810300,0.0,0.0,90.02,86.36,2.7,6.88,17.37
2026-01-16,92.5250015258789,99.58000183105467,92.4000015258789,96.3000030517578,36105300,0.0,0.0,89.06,87.26,6.21,10.75,21.22
2026-01-20,93.6999969482422,98.2699966430664,88.30000305175781,89.16000366210938,29300900,0.0,0.0,73.12,82.55,-1.94,1.26,10.2
2026-01-21,90.0199966430664,91.25,82.70999908447266,87.81999969482422,30538700,0.0,0.0,59.45,74.85,-3.67,-0.47,7.4
2026-01-22,86.37999725341797,89.4000015258789,81.35099792480469,87.9800033569336,30063000,0.0,0.0,51.75,67.15,-2.68,-0.73,6.91
2026-01-23,89.05500030517578,94.4499969482422,86.12000274658203,88.9000015258789,24381000,0.0,0.0,48.31,60.87,-1.26,-0.34,7.27
2026-01-26,86.74500274658203,87.16000366210938,80.01000213623047,80.4800033569336,21659900,0.0,0.0,33.0,51.58,-7.35,-9.34,-3.08
2026-01-27,82.88999938964844,87.0,82.0,87.0,17676500,0.0,0.0,33.91,45.69,0.65,-1.89,3.75
2026-01-28,87.22000122070312,89.80000305175781,86.02799987792969,88.56999969482422,16263000,0.0,0.0,37.19,42.86,2.29,-0.35,4.47
2026-01-29,87.94000244140625,89.0,83.0,85.68000030517578,15857300,0.0,0.0,34.45,40.05,-0.52,-2.93,0.16
2026-01-30,85.0,89.31999969482422,78.0199966430664,80.06999969482422,22707000,0.0,0.0,26.34,35.48,-5.09,-8.17,-6.96
2026-02-02,79.16000366210938,80.69999694824219,73.87899780273438,74.1500015258789,18337000,0.0,0.0,18.0,29.65,-10.76,-12.75,-13.75
2026-02-03,78.5999984741211,81.31999969482422,75.7699966430664,81.2699966430664,19000600,0.0,0.0,23.98,27.76,-0.83,-3.47,-5.63
2026-02-04,81.3499984741211,81.3499984741211,68.56300354003906,73.11000061035156,26237400,0.0,0.0,21.84,25.79,-7.29,-11.62,-14.47
2026-02-05,69.9800033569336,72.98999786376953,65.19999694824219,66.31999969482422,22675400,0.0,0.0,16.08,22.55,-11.55,-17.67,-21.6
2026-02-06,69.0,72.66000366210938,67.0,72.31999969482422,20049600,0.0,0.0,20.37,21.82,-1.52,-8.34,-13.96
2026-02-09,72.0250015258789,76.80000305175781,70.75,75.83999633789062,16394400,0.0,0.0,27.99,23.88,2.8,-3.31,-9.28
2026-02-10,74.59500122070312,75.86000061035156,71.55000305175781,72.02999877929688,13195600,0.0,0.0,28.1,25.29,0.15,-6.38,-13.01
2026-02-11,73.12999725341797,73.4000015258789,67.0199966430664,69.62000274658203,17563100,0.0,0.0,24.84,25.14,-2.25,-7.22,-15.06
2026-02-12,67.52999877929688,68.44999694824219,63.869998931884766,66.01000213623047,18313700,0.0,0.0,20.64,23.64,-7.24,-9.67,-18.17
2026-02-13,66.69499969482422,69.5999984741211,65.5,67.44000244140625,14737900,0.0,0.0,20.57,22.62,-3.92,-6.09,-15.17
2026-02-17,66.08399963378906,70.98999786376953,65.0,69.88999938964844,12059200,0.0,0.0,25.19,23.48,1.29,-2.09,-10.61
2026-02-18,71.0,75.76499938964844,69.98899841308594,74.41999816894531,19118400,0.0,0.0,43.99,30.31,7.12,5.26,-3.91
2026-02-19,72.9000015258789,77.11000061035156,72.3499984741211,76.58000183105469,14693400,0.0,0.0,61.33,40.65,8.06,7.79,-0.4
2026-02-20,75.48200225830078,78.19999694824219,69.4000015258789,70.86000061035156,18253500,0.0,0.0,57.14,46.15,-1.36,-0.9,-6.8
2026-02-23,68.75499725341797,71.25,68.5,70.20999908447266,13795700,0.0,0.0,52.84,48.38,-3.01,-1.51,-6.5
2026-02-24,68.87999725341797,70.05500030517578,66.5999984741211,69.97000122070312,12858300,0.0,0.0,49.42,48.73,-3.37,-1.04,-6.17
2026-02-25,71.09500122070312,71.8499984741211,68.87999725341797,70.19999694824219,11793700,0.0,0.0,47.67,48.37,-1.91,-0.45,-4.79
2026-02-26,70.04499816894531,72.73999786376953,68.80999755859375,72.6500015258789,18411600,0.0,0.0,51.1,49.28,2.64,2.58,-0.39
2026-02-27,67.58999633789062,69.58999633789062,64.0999984741211,69.0999984741211,25729800,0.0,0.0,45.89,48.15,-1.88,-2.86,-4.16
2026-03-02,66.68000030517578,72.0999984741211,66.44999694824219,70.97000122070312,18845500,0.0,0.0,46.83,47.71,0.56,-0.72,-0.95
2026-03-03,68.8550033569336,73.25,66.19000244140625,70.12999725341797,17405200,0.0,0.0,45.48,46.97,-0.68,-1.93,-1.84
2026-03-04,70.80999755859375,74.0999984741211,69.47000122070312,71.91000366210938,17073000,0.0,0.0,48.78,47.57,1.35,0.91,1.31
2026-03-05,70.91999816894531,72.30999755859375,67.33999633789062,70.0,14528800,0.0,0.0,52.19,49.11,-0.6,-0.85,-1.16
2026-03-06,68.13500213623047,75.11000061035156,68.13500213623047,70.11000061035156,22272800,0.0,0.0,52.99,50.4,-0.73,-0.59,-1.27
2026-03-09,69.38999938964844,72.125,67.81999969482422,71.4800033569336,18434200,0.0,0.0,57.67,52.82,1.07,1.17,0.72
2026-03-10,70.33999633789062,72.93499755859375,68.62100219726562,68.93000030517578,18248800,0.0,0.0,53.07,52.91,-2.21,-2.29,-2.4
2026-03-11,68.80000305175781,73.30000305175781,68.33000183105469,71.95999908447266,18140600,0.0,0.0,59.18,55.0,2.08,1.75,1.89
2026-03-12,71.94999694824219,72.5999984741211,68.27999877929688,68.37000274658203,17683000,0.0,0.0,47.6,52.53,-2.57,-2.74,-3.1
2026-03-13,69.1500015258789,71.30999755859375,67.44000244140625,68.41000366210938,16039800,0.0,0.0,40.03,48.36,-2.03,-2.59,-3.21
2026-03-16,69.32499694824219,72.37999725341797,68.66999816894531,71.30999755859375,16946700,0.0,0.0,43.72,46.81,2.17,1.49,0.62
2026-03-17,71.4749984741211,78.66999816894531,71.2699966430664,78.58999633789062,29734900,0.0,0.0,62.24,51.96,9.57,10.52,10.21
2026-03-18,76.04000091552734,76.87999725341797,69.4000015258789,69.4800033569336,33919300,0.0,0.0,47.55,50.49,-2.46,-1.95,-2.22
2026-03-19,68.81999969482422,72.7300033569336,68.0,71.93000030517578,28549900,0.0,0.0,45.03,48.67,-0.02,1.23,1.56
2026-03-20,72.0,73.9800033569336,66.38999938964844,67.2300033569336,35247200,0.0,0.0,32.3,43.21,-6.24,-5.0,-4.84
2026-03-23,68.08499908447266,69.44999694824219,66.05000305175781,68.0,23852300,0.0,0.0,26.68,37.7,-4.29,-3.44,-3.6
2026-03-24,67.0,68.5999984741211,64.45999908447266,66.06999969482422,21358000,0.0,0.0,21.57,32.32,-3.61,-5.8,-6.07
2026-03-25,68.94000244140625,75.05999755859375,68.94000244140625,72.87999725341797,34508800,0.0,0.0,34.13,32.92,5.28,3.78,3.41
2026-03-26,71.19999694824219,72.08999633789062,65.58999633789062,65.94000244140625,22988800,0.0,0.0,26.22,30.69,-3.06,-5.78,-5.99
2026-03-27,66.01000213623047,66.09500122070312,60.34999847412109,60.93000030517578,20311800,0.0,0.0,18.54,26.64,-8.74,-12.0,-12.62
2026-03-30,61.45000076293945,61.63999938964844,56.13199996948242,57.380001068115234,21933500,0.0,0.0,14.36,22.55,-11.23,-15.42,-16.9
2026-03-31,61.709999084472656,64.58000183105469,59.02999877929688,64.22000122070312,26607400,0.0,0.0,23.82,22.97,-0.08,-3.29,-6.6
2026-04-01,65.5,68.66999816894531,65.30000305175781,65.5199966430664,27157200,0.0,0.0,32.41,26.12,4.33,-0.74,-4.26
2026-04-02,62.22499847412109,69.38999938964844,61.86000061035156,67.7300033569336,32670600,0.0,0.0,42.03,31.42,7.24,3.26,-0.87
2026-04-06,67.7300033569336,70.31999969482422,66.5999984741211,67.66999816894531,22351800,0.0,0.0,48.34,37.06,4.91,3.1,-0.78
2026-04-07,67.11499786376953,68.30000305175781,63.959999084472656,66.31999969482422,25396300,0.0,0.0,50.17,41.43,0.04,1.3,-2.39
2026-04-08,72.0,73.66799926757812,67.81099700927734,69.08000183105469,26863800,0.0,0.0,58.06,46.97,2.7,5.04,1.66
2026-04-09,69.05999755859375,69.79000091552734,66.54499816894531,66.73999786376953,17250900,0.0,0.0,58.87,50.94,-1.14,2.44,-1.4
2026-04-10,67.69999694824219,70.05999755859375,66.33999633789062,68.05000305175781,18621000,0.0,0.0,61.9,54.59,0.71,4.11,0.56
2026-04-13,67.05000305175781,71.55000305175781,66.58999633789062,70.62000274658203,17994700,0.0,0.0,67.66,58.95,3.61,6.46,4.18
2026-04-14,73.55500030517578,74.75,70.4800033569336,72.22000122070312,22643000,0.0,0.0,71.9,63.26,4.15,6.49,6.47
2026-04-15,73.58499908447266,74.58999633789062,69.5999984741211,73.5999984741211,23568700,0.0,0.0,78.29,68.27,4.77,7.05,8.91
2026-04-16,76.97000122070312,83.48999786376953,76.9000015258789,82.93000030517578,41014200,0.0,0.0,84.57,73.71,12.85,17.64,21.5
2026-04-17,84.08000183105469,86.98999786376953,83.5999984741211,84.80000305175781,26066300,0.0,0.0,86.54,77.99,10.37,17.45,23.08
2026-04-20,84.8499984741211,90.3499984741211,84.5999984741211,89.45999908447266,28827400,0.0,0.0,89.79,81.92,10.99,20.27,27.79
2026-04-21,90.33000183105467,91.9499969482422,85.75,86.63999938964844,27450400,0.0,0.0,86.28,83.38,3.78,13.38,22.13
2026-04-22,90.46499633789062,93.0999984741211,87.76000213623047,90.04000091552734,21474400,0.0,0.0,87.04,84.6,3.76,14.69,24.82
2026-04-23,89.8499984741211,90.3000030517578,81.56500244140625,84.5999984741211,22664100,0.0,0.0,80.68,83.29,-2.88,5.36,16.33
2026-04-24,86.33999633789062,86.41000366210938,79.08000183105469,79.68000030517578,22130400,0.0,0.0,68.08,78.22,-7.44,-2.18,8.54
2026-04-27,79.69000244140625,82.4800033569336,77.05400085449219,82.29000091552734,19386300,0.0,0.0,63.39,73.28,-2.79,-0.41,10.49
2026-04-28,80.07499694824219,81.77999877929688,77.5999984741211,78.58999633789062,14379700,0.0,0.0,45.74,64.1,-5.36,-5.61,4.04
2026-04-29,77.86000061035156,78.01000213623047,73.98999786376953,77.0199966430664,17751400,0.0,0.0,35.78,54.66,-4.25,-7.88,1.1
2026-04-30,77.55000305175781,83.58999633789062,77.47000122070312,82.51000213623047,17604200,0.0,0.0,38.71,49.34,3.11,-1.26,7.11
2026-05-01,83.52999877929688,83.79000091552734,78.43000030517578,78.80999755859375,16378800,0.0,0.0,34.22,44.3,-1.3,-5.01,1.58
2026-05-04,78.36000061035156,81.83300018310547,76.25,80.30999755859375,16241300,0.0,0.0,33.83,40.81,1.08,-2.12,2.68
2026-05-05,82.5999984741211,83.0,76.55999755859375,78.76000213623047,17126000,0.0,0.0,32.3,37.98,-0.91,-3.08,-0.1
2026-05-06,79.62000274658203,84.68000030517578,78.86000061035156,84.6500015258789,19779200,0.0,0.0,50.15,42.03,4.5,4.87,6.32
2026-05-07,84.70999908447266,84.79000091552734,77.93000030517578,78.58000183105469,22942900,0.0,0.0,47.6,43.89,-2.05,-1.92,-2.03
2026-05-08,86.03500366210938,105.62000274658205,85.87000274658203,105.47000122070312,79927300,0.0,0.0,64.91,50.89,23.28,27.53,28.5
2026-05-11,105.2699966430664,123.94000244140624,104.0,117.3499984741211,54779700,0.0,0.0,72.21,58.0,26.23,36.13,39.01
2026-05-12,112.76000213623048,121.48999786376952,112.41000366210938,117.55999755859376,34195200,0.0,0.0,77.01,64.34,16.72,30.47,35.62
2026-05-13,123.8949966430664,127.23999786376952,116.88999938964844,124.1500015258789,26587400,0.0,0.0,82.65,70.44,14.3,30.94,39.17
2026-05-14,123.0999984741211,133.17999267578125,121.30999755859376,132.5500030517578,25324100,0.0,0.0,88.07,76.32,11.0,32.79,44.56
2026-05-15,128.10000610351562,130.3699951171875,121.8000030517578,124.7699966430664,22469100,0.0,0.0,87.09,79.91,1.21,19.49,33.17
2026-05-18,132.7550048828125,138.3800048828125,125.6709976196289,131.16000366210938,32319500,0.0,0.0,87.41,82.41,4.06,19.78,36.95
2026-05-19,125.97000122070312,129.57000732421875,115.2300033569336,127.30999755859376,30076900,0.0,0.0,85.51,83.44,-0.53,11.33,30.16
2026-05-20,127.4800033569336,135.35000610351562,124.22000122070312,134.27999877929688,24347700,0.0,0.0,87.73,84.87,3.28,12.54,34.25
2026-05-21,126.13999938964844,130.8699951171875,123.8000030517578,125.4499969482422,30826400,0.0,0.0,79.29,83.01,-2.44,1.17,22.91
2026-05-22,131.41000366210938,139.75999450683594,131.30999755859375,135.75999450683594,32970700,0.0,0.0,81.32,82.45,3.8,6.87,29.46
2026-05-26,141.96499633789062,146.0,138.55999755859375,143.1999969482422,32920000,0.0,0.0,84.51,83.13,7.51,10.48,32.7
2026-05-27,149.72000122070312,151.0,137.91000366210938,150.22999572753906,29193300,0.0,0.0,88.96,85.07,9.03,13.05,34.74
2026-05-28,147.1699981689453,150.8300018310547,142.3699951171875,148.02999877929688,20458600,0.0,0.0,89.87,86.67,5.33,9.43,28.67
2026-05-29,139.94000244140625,144.0,134.0500030517578,143.47999572753906,34878600,0.0,0.0,86.24,86.53,-0.46,5.22,21.5
2026-06-01,132.3800048828125,135.6300048828125,121.0,122.38999938964844,37294600,0.0,0.0,64.16,79.07,-13.48,-10.09,1.76
2026-06-02,125.33999633789062,128.39999389648438,122.55999755859376,123.31999969482422,19498000,0.0,0.0,45.35,67.83,-10.31,-8.88,0.73
2026-06-03,119.58000183105467,122.50499725341795,113.66000366210938,114.6999969482422,21579800,0.0,0.0,31.16,55.61,-12.03,-14.46,-7.66
2026-06-04,113.08499908447266,122.62999725341795,110.38999938964844,119.9499969482422,24826300,0.0,0.0,28.62,46.62,-3.86,-9.57,-4.79
2026-06-05,114.2699966430664,117.9800033569336,106.7300033569336,110.08000183105467,21477400,0.0,0.0,21.6,38.28,-6.78,-16.04,-13.7
2026-06-08,114.66999816894533,116.25,111.0,113.6500015258789,13433200,0.0,0.0,19.61,32.06,-2.31,-11.83,-11.19
2026-06-09,118.4000015258789,119.79000091552734,101.1999969482422,108.2300033569336,23730200,0.0,0.0,17.8,27.3,-4.49,-13.7,-15.12
2026-06-10,107.6999969482422,111.95999908447266,104.41000366210938,105.0500030517578,13000800,0.0,0.0,14.86,23.16,-5.69,-13.1,-17.21
2026-06-11,106.58999633789062,115.04499816894533,105.4000015258789,114.77999877929688,26119300,0.0,0.0,23.06,23.12,4.01,-2.37,-9.21
2026-06-12,118.0199966430664,118.3769989013672,99.61000061035156,102.38999938964844,62987600,0.0,0.0,18.59,21.61,-5.91,-9.75,-18.03
2026-06-15,107.95999908447266,110.77999877929688,105.8000030517578,109.25,28928300,0.0,0.0,26.35,23.19,1.21,-2.58,-11.99
2026-06-16,107.70999908447266,108.5,103.06999969482422,104.62999725341795,27885000,0.0,0.0,24.84,23.74,-2.42,-5.12,-14.8
2026-06-17,104.12000274658205,111.33999633789062,104.04000091552734,107.9800033569336,28723000,0.0,0.0,30.38,25.95,0.16,-1.48,-11.38
2026-06-18,108.83000183105467,109.5500030517578,100.95999908447266,107.23999786376952,70326000,0.0,0.0,32.86,28.26,0.89,-1.0,-11.0
2026-06-22,106.98999786376952,107.4000015258789,96.5,100.29000091552734,27782000,0.0,0.0,27.33,27.95,-5.28,-6.58,-15.89
2026-06-23,96.0199966430664,101.7300033569336,94.88500213623048,95.12000274658205,22306700,0.0,0.0,18.55,24.82,-7.7,-9.84,-18.84
2026-06-24,93.8499984741211,94.3000030517578,84.8499984741211,85.41000366210938,26770900,0.0,0.0,12.93,20.85,-13.91,-17.25,-25.28
2026-06-25,86.11000061035156,86.11000061035156,80.0,80.69000244140625,26903000,0.0,0.0,9.22,16.97,-13.93,-19.93,-27.2
2026-06-26,81.11000061035156,86.27999877929688,80.7300033569336,84.54000091552734,34394200,0.0,0.0,10.97,14.97,-5.23,-13.52,-21.47
2026-06-29,91.29499816894533,99.08000183105467,89.8499984741211,98.01000213623048,42899300,0.0,0.0,26.47,18.81,10.43,0.71,-7.0
2026-06-30,97.1999969482422,104.16000366210938,95.63999938964844,101.6500015258789,32812600,0.0,0.0,40.67,26.1,12.87,5.28,-2.59
2026-07-01,101.19499969482422,107.5999984741211,97.62000274658205,100.06999969482422,21668000,0.0,0.0,49.76,33.98,7.61,4.13,-3.02
2026-07-02,100.98999786376952,106.98999786376952,97.91000366210938,100.45999908447266,22180300,0.0,0.0,57.88,41.95,3.62,5.36,-1.96
2026-07-06,100.43000030517578,102.0999984741211,92.3000030517578,93.08999633789062,20511900,0.0,0.0,54.4,46.1,-5.64,-0.9,-7.95
2026-07-07,90.01000213623047,90.73999786376952,82.8499984741211,83.41000366210938,26177000,0.0,0.0,40.38,44.19,-12.87,-9.58,-16.42
2026-07-08,86.5,86.5,81.0,83.3499984741211,19194500,0.0,0.0,30.97,39.78,-9.48,-8.47,-15.19
2026-07-09,86.29499816894531,86.30000305175781,82.41000366210938,82.55000305175781,17866200,0.0,0.0,22.9,34.16,-6.8,-9.07,-14.9
2026-07-10,82.29000091552734,82.30000305175781,79.05999755859375,81.04000091552734,14591800,0.0,0.0,17.58,28.63,-4.31,-10.77,-15.4
2026-07-13,79.88999938964844,79.97000122070312,75.5999984741211,76.7300033569336,18864700,0.0,0.0,12.9,23.39,-5.76,-14.78,-18.28
2026-07-14,78.76000213623047,82.54000091552734,78.51000213623047,78.80999755859375,15801700,0.0,0.0,11.94,19.57,-2.09,-10.56,-15.0
2026-07-15,78.94000244140625,81.05000305175781,74.83999633789062,76.19999694824219,15407500,0.0,0.0,9.37,16.17,-3.62,-10.95,-16.32
2026-07-16,73.37999725341797,73.94999694824219,66.0,67.3499984741211,31134300,0.0,0.0,7.49,13.28,-11.41,-18.16,-24.5
2026-07-17,65.93000030517578,70.62999725341797,64.51000213623047,67.62000274658203,22367300,0.0,0.0,8.95,11.84,-7.8,-14.42,-22.44
2026-07-20,68.38999938964844,69.54000091552734,65.44000244140625,65.73999786376953,17937400,0.0,0.0,7.83,10.5,-7.6,-13.82,-22.76
2026-07-21,66.33999633789062,69.74099731445312,65.9010009765625,69.12000274658203,20061100,0.0,0.0,12.27,11.09,-0.12,-7.66,-17.27
2026-07-22,70.48999786376953,72.94000244140625,69.25,69.75,21031400,0.0,0.0,17.87,13.35,2.7,-5.09,-15.23
2026-07-23,68.12999725341797,70.80999755859375,66.8499984741211,69.98999786376953,14155500,0.0,0.0,22.04,16.25,2.26,-3.11,-14.13
2026-07-24,69.30000305175781,69.55000305175781,63.5099983215332,63.90999984741211,18547356,0.0,0.0,15.4,15.96,-5.6,-9.38,-20.78
