date,open,high,low,close,volume,dividends,stock_splits,capital_gains
2024-04-25,19.624799956711485,21.10615139333424,19.297265108395464,20.85801887512207,1180800,0.0,0.0,0.0
2024-04-26,21.066450889622168,22.68179409138208,20.92501543188011,22.4981746673584,1244000,0.0,0.0,0.0
2024-04-29,22.421254139302807,22.65449930849242,21.716556814413305,22.61727905273437,1097200,0.0,0.0,0.0
2024-04-30,22.406365852394988,22.93488740402024,21.73640695621429,21.75625801086425,912800,0.0,0.0,0.0
2024-05-01,21.01434224425629,21.4857924845647,19.639687953120443,20.106176376342773,1436400,0.0,0.0,0.0
2024-05-02,20.75132200089133,21.24262522427982,20.106177826429363,21.106151580810547,906400,0.0,0.0,0.0
2024-05-03,21.97213425841411,22.41877163528218,21.75874015088463,22.324481964111328,1048000,0.0,0.0,0.0
2024-05-06,22.7115676579818,23.71650505065918,22.54531933559936,23.71650505065918,1456800,0.0,0.0,0.0
2024-05-07,23.49814913300415,23.60236623125295,22.87533786431016,23.11106300354004,1290000,0.0,0.0,0.0
2024-05-08,22.664424628839825,23.324458074530984,22.580060476407656,23.140840530395508,650400,0.0,0.0,0.0
2024-05-09,23.13587723069569,23.222723240066347,22.42125620531588,22.59246826171875,892400,0.0,0.0,0.0
2024-05-10,23.14580215333704,23.696656674209585,22.87533860364971,23.058956146240234,992800,0.0,0.0,0.0
2024-05-13,23.3790462522424,23.54529458569337,22.87533754137105,23.26738548278809,926400,0.0,0.0,0.0
2024-05-14,23.076322980971767,24.068853001658724,22.890223602092963,24.011781692504883,2387600,0.0,0.0,0.0
2024-05-15,24.57752619884301,25.60975646972656,24.282247902232907,25.60975646972656,1618800,0.0,0.0,0.0
2024-05-16,25.56013059131275,26.048951942851264,25.37403120731184,25.408769607543945,1242000,0.0,0.0,0.0
2024-05-17,25.63456857154554,25.726378280219063,24.3517239707466,24.723922729492188,1436800,0.0,0.0,0.0
2024-05-20,25.12838035262026,26.05391551778801,25.088680132434224,25.872777938842773,923600,0.0,0.0,0.0
2024-05-21,25.24003654508061,25.922400875261573,25.1209321199393,25.8901424407959,661600,0.0,0.0,0.0
2024-05-22,26.06383858212872,26.28219450526173,25.324402883420177,26.00676727294922,1354800,0.0,0.0,0.0
2024-05-23,27.96453430600557,28.81562892713275,27.31194645853932,27.91987037658692,3468400,0.0,0.0,0.0
2024-05-24,28.309437191083664,29.153088104713248,27.9149074084,29.13820075988769,1393200,0.0,0.0,0.0
2024-05-28,30.507891570991728,31.919766169038084,30.148100186093497,31.48801612854004,2652800,0.0,0.0,0.0
2024-05-29,30.65925210601092,31.473126429973924,30.088548473037253,31.11085319519043,1856400,0.0,0.0,0.0
2024-05-30,30.929718814301864,31.38380177756944,29.32678297172264,29.71386909484864,2151200,0.0,0.0,0.0
2024-05-31,30.34660967471279,30.401197242004635,27.74121806691672,29.120834350585938,2482400,0.0,0.0,0.0
2024-06-03,30.689030041148545,30.770914226804127,29.37144697038517,30.473154067993164,2111200,0.0,0.0,0.0
2024-06-04,30.72128868103028,30.8230239294942,29.87267586212572,30.72128868103028,1302400,0.0,0.0,0.0
2024-06-05,31.72125688910087,33.66413475706119,31.40364760203164,33.64180374145508,1954400,0.0,0.0,0.0
2024-06-06,33.966857487775755,34.49538091991356,32.04135066700832,32.97184753417969,2551200,0.0,0.0,0.0
2024-06-07,32.58227797506788,33.321711765064464,31.999168871683896,32.87507629394531,1442400,0.0,0.0,0.0
2024-06-10,32.408590168633594,34.00904424341867,31.78825883839116,33.465633392333984,1624000,0.0,0.0,0.0
2024-06-11,33.45322888974367,33.68895403161877,32.388738235570216,33.376304626464844,940000,0.0,0.0,0.0
2024-06-12,34.58470944604938,35.87996141334431,34.46312315666522,35.48542785644531,1885200,0.0,0.0,0.0
2024-06-13,37.46800739593487,37.949385050390106,36.69631517163014,37.67395782470703,1858800,0.0,0.0,0.0
2024-06-14,37.5598155202669,38.72107759548703,37.12062371891323,38.57468032836914,2041200,0.0,0.0,0.0
2024-06-17,39.29425936602596,39.621792268148845,37.88486492221524,39.1677131652832,2213600,0.0,0.0,0.0
2024-06-18,39.20493382048232,41.11555325575922,39.11808593361463,40.840126037597656,2142000,0.0,0.0,0.0
2024-06-20,42.12545578582671,42.214783637700336,37.5747028366333,38.24217987060547,3933600,0.0,0.0,0.0
2024-06-21,36.922123368416,38.01390504942688,35.40354962188728,36.37374877929688,2807600,0.0,0.0,0.0
2024-06-24,35.00653608223022,35.56979795804081,32.75597232733618,32.86018753051758,3970000,0.0,0.0,0.0
2024-06-25,33.82046471924103,35.3837004211667,33.02395762911539,35.29437255859375,2470400,0.0,0.0,0.0
2024-06-26,35.25467128945354,36.07846934295789,33.939568086928226,35.33655548095703,2310000,0.0,0.0,0.0
2024-06-27,34.63434306129435,35.35888967968466,33.88001796118775,34.29688262939453,1603600,0.0,0.0,0.0
2024-06-28,34.810509601687045,36.4556294226115,34.212513105367954,34.52019500732422,1863600,0.0,0.0,0.0
2024-07-01,34.58719425734898,35.04375721774857,32.733643898970264,34.884952545166016,1678400,0.0,0.0,0.0
2024-07-02,33.790680151604136,34.88742907240893,33.76586917470617,34.88246536254883,1718800,0.0,0.0,0.0
2024-07-03,34.67899608914259,37.20746681541038,34.62937034745303,37.10821533203125,1499200,0.0,0.0,0.0
2024-07-05,37.20250096311743,37.743431739128575,36.22734213267607,36.408477783203125,1996000,0.0,0.0,0.0
2024-07-08,37.135510633207616,38.42331890618049,37.03377540013698,37.74591445922852,1418800,0.0,0.0,0.0
2024-07-09,38.641679493197486,39.74586854178983,37.71614617675964,38.84514999389648,2556000,0.0,0.0,0.0
2024-07-10,39.89971002226627,40.69125336783115,39.23719664739644,40.45552444458008,1817600,0.0,0.0,0.0
2024-07-11,41.15525721895222,41.15525721895222,36.63924640843312,37.075958251953125,4273600,0.0,0.0,0.0
2024-07-12,37.41093713945404,39.22974877282187,36.959334183493056,37.79802322387695,2056000,0.0,0.0,0.0
2024-07-15,38.41588236114555,38.83026325616244,37.105739042733646,37.726070404052734,1729200,0.0,0.0,0.0
2024-07-16,37.84268382526558,37.989084868545326,36.06357436681649,37.165283203125,1675200,0.0,0.0,0.0
2024-07-17,34.366353814010466,34.52019476390379,31.959469141677523,31.96939277648925,4108800,0.0,0.0,0.0
2024-07-18,33.77083923249079,33.77083923249079,31.274624664923632,33.18028259277344,3676000,0.0,0.0,0.0
2024-07-19,32.94703653038067,33.19268909438446,31.13318836940649,31.33417510986328,2288000,0.0,0.0,0.0
2024-07-22,32.535132439092926,33.94204327058875,32.25722524853617,33.894901275634766,4114800,0.0,0.0,0.0
2024-07-23,33.20013005074633,34.09836851063037,33.14306063451875,33.368858337402344,1704000,0.0,0.0,0.0
2024-07-24,31.974356489364663,32.21504533523597,29.02157914022449,29.27467536926269,4335200,0.0,0.0,0.0
2024-07-25,28.7833710389372,30.04884645599445,26.13579762271708,28.1655216217041,5134800,0.0,0.0,0.0
2024-07-26,29.684095692781,29.684095692781,28.21515147993609,28.828039169311523,1615200,0.0,0.0,0.0
2024-07-29,29.177901075870828,30.27216635867187,28.17544739680747,28.2945499420166,1444800,0.0,0.0,0.0
2024-07-30,28.53524295177964,28.67171661009381,24.9001007536501,25.326889038085938,4211200,0.0,0.0,0.0
2024-07-31,29.024061923460305,30.56992650319823,28.08363942098736,30.28953742980957,3676000,0.0,0.0,0.0
2024-08-01,29.79079005483968,30.77587647236776,25.10356685480235,26.1854248046875,9537600,0.0,0.0,0.0
2024-08-02,23.604847423115864,24.99935295429093,22.55276600255195,24.302101135253903,5771600,0.0,0.0,0.0
2024-08-05,19.03176122103643,23.577548360984228,18.8580692353198,22.38154983520508,5334000,0.0,0.0,0.0
2024-08-06,23.128430953450007,24.60978233614781,22.15575197181052,23.23760986328125,3454400,0.0,0.0,0.0
2024-08-07,24.81325163586276,25.15567382692135,21.217812003894483,21.3220272064209,4709200,0.0,0.0,0.0
2024-08-08,22.63961042748334,24.123443719086023,21.232699503821003,24.051485061645508,4720800,0.0,0.0,0.0
2024-08-09,23.848013421482865,24.398867844236182,23.294677143797145,23.99937438964844,2418800,0.0,0.0,0.0
2024-08-12,24.28472808932037,25.736302813751777,24.215249400166307,25.08619499206543,1950000,0.0,0.0,0.0
2024-08-13,26.463331405220984,27.828060150146484,25.90751513735589,27.828060150146484,3389200,0.0,0.0,0.0
2024-08-14,28.53523945021996,28.70396963747573,26.924859945227965,28.25485038757324,2548000,0.0,0.0,0.0
2024-08-15,29.04143090479798,30.93468138587807,28.666750262603824,30.70639991760254,3744000,0.0,0.0,0.0
2024-08-16,30.26224138924796,31.306879053229743,29.912375526504352,31.1406307220459,1848400,0.0,0.0,0.0
2024-08-19,30.961971722964275,33.041323195621864,30.44833754565472,33.02643585205078,2723600,0.0,0.0,0.0
2024-08-20,32.51528699747659,33.063661587292344,31.36147217889248,31.924734115600582,2176400,0.0,0.0,0.0
2024-08-21,32.048795884404285,32.95199806890857,31.79073595385928,32.629425048828125,1657600,0.0,0.0,0.0
2024-08-22,33.34156580644447,33.63932786213537,30.133214110811625,30.363977432250977,3745600,0.0,0.0,0.0
2024-08-23,31.368907763743525,32.77830222330329,31.06370587254108,32.463172912597656,2789200,0.0,0.0,0.0
2024-08-26,32.282041938876944,32.96936628410745,30.292018094700044,30.90242385864257,2374400,0.0,0.0,0.0
2024-08-27,30.391271645419817,31.952025411213285,29.751089294470976,31.649303436279297,1929200,0.0,0.0,0.0
2024-08-28,31.44583348810156,31.70637148494757,29.344150848039707,30.3515682220459,2163200,0.0,0.0,0.0
2024-08-29,29.50047481144063,30.582332737623283,27.917390033597616,28.195297241210938,2562000,0.0,0.0,0.0
2024-08-30,29.274675079675287,29.99177789968844,28.396285745592213,29.37144660949707,1614000,0.0,0.0,0.0
2024-09-03,28.09356173246309,28.09356173246309,24.1234417636142,24.50308418273925,3905200,0.0,0.0,0.0
2024-09-04,23.57755233328118,25.381476899191306,23.32445798386747,24.24502944946289,2426800,0.0,0.0,0.0
2024-09-05,23.455969082830567,25.18049139959464,23.455969082830567,24.237586975097656,1289200,0.0,0.0,0.0
2024-09-06,23.865384238018592,23.94726841843428,21.52797651177622,22.04161071777344,2594400,0.0,0.0,0.0
2024-09-09,22.753749408757976,23.217757863561225,22.183045796725327,23.20783233642578,1936400,0.0,0.0,0.0
2024-09-10,23.57258771293456,24.01674511911878,22.738862353955334,23.94230461120605,2374400,0.0,0.0,0.0
2024-09-11,24.3194670721324,27.212691063543577,23.483259858152536,27.05388641357422,4130000,0.0,0.0,0.0
2024-09-12,27.15314072943958,28.314400955573817,26.39137399709538,27.748659133911133,3174800,0.0,0.0,0.0
2024-09-13,27.902501533024264,28.349140832927823,27.485638817481245,28.143190383911133,1322000,0.0,0.0,0.0
2024-09-16,27.18539926255424,27.69903352169217,26.364081197625232,27.23750686645508,1469200,0.0,0.0,0.0
2024-09-17,27.90002101451014,28.08860036573067,26.57995609046204,26.95959854125977,1514000,0.0,0.0,0.0
2024-09-18,27.23502312736824,28.034010062583103,26.165570788726285,26.22760391235352,2480800,0.0,0.0,0.0
2024-09-19,28.08860233105024,29.043914109576267,27.939723188001054,28.324329376220703,2763600,0.0,0.0,0.0
2024-09-20,27.947161449978893,28.297029166848045,27.053884871541555,27.728805541992188,1567600,0.0,0.0,0.0
2024-09-23,27.86031990380957,28.06378850077434,27.324354628456444,27.91490936279297,922800,0.0,0.0,0.0
2024-09-24,28.1034863574481,29.60716864158987,27.60225766733374,29.3193359375,1823600,0.0,0.0,0.0
2024-09-25,29.483105620683403,30.654291404870936,29.483105620683403,30.17787742614746,1956400,0.0,0.0,0.0
2024-09-26,32.03142440922078,32.28204066437592,30.09847384626644,31.13566780090332,2351600,0.0,0.0,0.0
2024-09-27,31.299436612390306,31.299436612390306,29.301969025049257,29.92230033874512,1010800,0.0,0.0,0.0
2024-09-30,28.852850172046526,29.81808555850288,28.783373366815884,29.75357246398925,960000,0.0,0.0,0.0
2024-10-01,29.77838333473956,29.986813736407992,27.30698373910917,27.723846435546875,2154400,0.0,0.0,0.0
2024-10-02,27.72384720279218,29.06872500249313,27.306984494817986,28.65682411193848,977600,0.0,0.0,0.0
2024-10-03,28.89255158313825,30.51285665538869,28.89255158313825,29.74612617492676,1484000,0.0,0.0,0.0
2024-10-04,30.90738725050156,30.90738725050156,29.62206067272548,30.785802841186523,1369200,0.0,0.0,0.0
2024-10-07,30.512857109954453,32.31926160136085,30.512857109954453,31.38132095336914,1715200,0.0,0.0,0.0
2024-10-08,31.94706486055136,33.361419596166414,31.721263338091187,33.10087966918945,1976000,0.0,0.0,0.0
2024-10-09,33.468118177087185,33.57977706274769,32.39122007692917,33.48300552368164,1522400,0.0,0.0,0.0
2024-10-10,32.91974188199853,34.118222440997435,32.654242047100844,33.89738464355469,1188800,0.0,0.0,0.0
2024-10-11,33.35149260436207,34.09340640892946,33.24975736344222,33.85768127441406,909600,0.0,0.0,0.0
2024-10-14,34.5648549280387,35.701302131142754,34.51770915144643,35.22240447998047,1378000,0.0,0.0,0.0
2024-10-15,34.961872813908165,35.291889541188944,31.17288982150356,31.81307411193848,2387200,0.0,0.0,0.0
2024-10-16,32.84778497035985,33.21502004833321,31.73863227736152,32.877559661865234,1529600,0.0,0.0,0.0
2024-10-17,34.64178256359013,34.98668662783489,33.438338282123546,33.468116760253906,2790000,0.0,0.0,0.0
2024-10-18,34.27702728831262,34.27702728831262,33.440821880004414,33.706321716308594,1009600,0.0,0.0,0.0
2024-10-21,33.582251626006865,35.17278185897035,33.582251626006865,35.15541076660156,1698800,0.0,0.0,0.0
2024-10-22,34.832843770850694,35.25963200081577,34.353946046651934,34.99909210205078,1561600,0.0,0.0,0.0
2024-10-23,34.46064265658492,34.53756312544671,32.56739047851605,33.39863586425781,1804800,0.0,0.0,0.0
2024-10-24,33.92964233710268,34.078519578212095,33.15050637140449,33.783241271972656,1115600,0.0,0.0,0.0
2024-10-25,34.25717653934048,35.52761388333372,34.23980923103844,34.32169342041016,4774400,0.0,0.0,0.0
2024-10-28,34.77825504764876,34.77825504764876,33.994155372699524,34.06859588623047,1106000,0.0,0.0,0.0
2024-10-29,34.0388205852071,35.55987429225643,33.61699601744102,35.18767547607422,1375200,0.0,0.0,0.0
2024-10-30,33.99415803499928,34.24229057540073,33.02147893096983,33.74354553222656,1520400,0.0,0.0,0.0
2024-10-31,32.98177623578143,32.98177623578143,30.440899596824085,30.72128868103028,2693600,0.0,0.0,0.0
2024-11-01,31.37387648721789,32.36888653105425,31.24981022700979,31.65922737121582,1640000,0.0,0.0,0.0
2024-11-04,32.026465570616104,32.89244562593779,31.51282944651265,31.69892883300781,1360000,0.0,0.0,0.0
2024-11-05,32.03391050130852,33.18772522841375,32.03391050130852,33.16291046142578,1076800,0.0,0.0,0.0
2024-11-06,34.73855296230832,35.88740774686067,34.17033115478221,35.65912628173828,1980000,0.0,0.0,0.0
2024-11-07,36.28690021322696,37.19010241280944,36.2273470468297,37.18513870239258,1183800,0.0,2.0,0.0
2024-11-08,36.89234192215737,37.39357068174142,36.06358019908603,36.62932205200195,1192600,0.0,0.0,0.0
2024-11-11,36.64917311669803,36.67398788363236,34.51523567741122,35.20504379272461,1740200,0.0,0.0,0.0
2024-11-12,35.49783957696834,36.12809833127061,34.688928882152595,35.57724380493164,1500600,0.0,0.0,0.0
2024-11-13,35.50776782706001,35.64175773212196,34.2720650574121,34.480499267578125,1474600,0.0,0.0,0.0
2024-11-14,34.98668138948019,35.259628645297106,34.083479269596985,34.4259033203125,1487600,0.0,0.0,0.0
2024-11-15,33.34404718892988,33.41848391136917,31.49297703817461,32.063682556152344,2037000,0.0,0.0,0.0
2024-11-18,31.557494746942893,32.29693050772797,30.71880749019284,31.93961906433105,1424600,0.0,0.0,0.0
2024-11-19,32.07360577509929,33.696394454890786,31.9892416332928,33.6815071105957,1625000,0.0,0.0,0.0
2024-11-20,33.676548985412914,33.676548985412914,31.959472244922097,33.10087966918945,2076400,0.0,0.0,0.0
2024-11-21,34.316728121306895,35.37377128879431,31.50786808306684,33.66661834716797,2232000,0.0,0.0,0.0
2024-11-22,33.294419952240666,33.78572507138871,32.09842316618741,32.40610885620117,1209200,0.0,0.0,0.0
2024-11-25,32.75349323496001,32.75349323496001,31.041378437239647,31.14559364318848,1782400,0.0,0.0,0.0
2024-11-26,31.765925435728843,32.11827315052494,30.560001268772425,31.07115364074707,941600,0.0,0.0,0.0
2024-11-27,30.411123917613747,30.42104944652328,28.912403128093604,30.15802955627441,1732400,0.0,0.0,0.0
2024-11-29,30.64932666618309,31.75599932179928,30.56000070463236,31.26469612121582,713600,0.0,0.0,0.0
2024-12-02,31.51778789392573,32.470617635315385,31.45823662668284,32.0289421081543,1527400,0.0,0.0,0.0
2024-12-03,31.701413668675304,32.57980308268736,31.62201133202964,32.41603469848633,1167400,0.0,0.0,0.0
2024-12-04,33.43337634604002,34.11325701217953,32.58972352554191,33.97926712036133,1337000,0.0,0.0,0.0
2024-12-05,33.944525613367965,34.18273068506804,33.21005177218983,33.428409576416016,1359400,0.0,0.0,0.0
2024-12-06,33.36389945951339,33.840313431494366,32.703866064353655,33.2199821472168,847800,0.0,0.0,0.0
2024-12-09,32.21752858990614,32.669131637161804,31.602160941197123,32.103389739990234,1376200,0.0,0.0,0.0
2024-12-10,32.18278646668264,32.70386626312353,29.98929594083382,30.321792602539062,1429200,0.0,0.0,0.0
2024-12-11,31.50290213062555,32.72371547549715,30.76843015411868,32.35151672363281,1106000,0.0,0.0,0.0
2024-12-12,31.54260710660028,31.84036727101732,30.98182707275064,31.59719467163086,1122400,0.0,0.0,0.0
2024-12-13,33.74602181173967,34.17281003754899,31.999170583884244,33.006587982177734,2421200,0.0,0.0,0.0
2024-12-16,33.334120950555295,34.12814423641143,32.47062086382436,33.88497543334961,1714800,0.0,0.0,0.0
2024-12-17,32.46069957949842,33.046288718927435,31.54756989499837,32.659202575683594,1930400,0.0,0.0,0.0
2024-12-18,33.70631763307492,34.39116575099699,30.426007598411225,30.7386531829834,2281800,0.0,0.0,0.0
2024-12-19,31.607118633282933,31.89991507257632,30.475634986637733,30.60962677001953,2054400,0.0,0.0,0.0
2024-12-20,30.381340411261515,32.78326091761046,30.02402904656804,32.019012451171875,2081000,0.0,0.0,0.0
2024-12-23,32.84168277912825,34.4561959850993,32.71252066142832,34.39161682128906,2280600,0.033,0.0,0.0
2024-12-24,34.84864052646582,35.39012149194095,34.47606062872759,35.08708953857422,1141000,0.0,0.0,0.0
2024-12-26,34.739354439636784,35.60870765004804,34.36180569846458,35.24109649658203,1164000,0.0,0.0,0.0
2024-12-27,34.719479496711315,34.74431967335232,33.02548481398643,34.148189544677734,1593600,0.0,0.0,0.0
2024-12-30,32.85160702462452,34.600250633980025,32.46412457427823,33.497413635253906,1796800,0.0,0.0,0.0
2024-12-31,33.7060649562063,33.730905135255085,32.20084258378193,32.35980987548828,1517800,0.0,0.0,0.0
2025-01-02,33.219229302084294,34.14819287379291,32.51877718537216,33.5620002746582,1414600,0.0,0.0,0.0
2025-01-03,34.17302969788547,35.881930759470414,34.15315831460205,35.717994689941406,2023000,0.0,0.0,0.0
2025-01-06,37.257992455075865,38.92218202672012,37.257992455075865,37.77960586547852,2316400,0.0,0.0,0.0
2025-01-07,39.24010922388551,39.2947545724312,34.43134508241227,34.61018371582031,3680600,0.0,0.0,0.0
2025-01-08,35.20631477950244,35.50934670657206,33.462639948181575,34.39657211303711,1371200,0.0,0.0,0.0
2025-01-10,33.2540011810896,33.36825690138068,31.833229442131326,32.48400115966797,1321000,0.0,0.0,0.0
2025-01-13,30.486970681798194,31.947483204154384,30.38264876485261,31.88290405273437,1262400,0.0,0.0,0.0
2025-01-14,32.80193245077624,33.03541645165919,30.869485084855395,31.619613647460938,1026000,0.0,0.0,0.0
2025-01-15,32.54858059929531,33.41296875465491,31.88290628547941,33.318580627441406,1195800,0.0,0.0,0.0
2025-01-16,34.570446261625136,34.61515782187953,32.628064959062286,32.633033752441406,1104600,0.0,0.0,0.0
2025-01-17,34.24754807867388,34.83374064834639,33.73090345878632,34.63999938964844,1017600,0.0,0.0,0.0
2025-01-21,35.39509485252728,36.38864137470348,34.57044941988301,35.84716033935547,1267400,0.0,0.0,0.0
2025-01-22,37.28779029394425,38.48004657575748,37.08411527946952,37.83424377441406,1752000,0.0,0.0,0.0
2025-01-23,36.81585980646104,37.873985290527344,36.33398922679038,37.873985290527344,994200,0.0,0.0,0.0
2025-01-24,38.34592224481965,38.4005675967825,35.89186156965416,36.17502212524414,1077600,0.0,0.0,0.0
2025-01-27,29.289748501132987,30.05477971225438,25.275821882007783,26.234594345092773,8570000,0.0,0.0,0.0
2025-01-28,27.20329945251718,28.698587837732404,25.28575650261812,28.5644588470459,3261800,0.0,0.0,0.0
2025-01-29,28.31607049687432,28.405489818467583,26.3140752418412,27.53116798400879,1971000,0.0,0.0,0.0
2025-01-30,28.05278112540726,28.50484462800635,26.781041145714365,28.44523048400879,1705200,0.0,0.0,0.0
2025-01-31,28.509813850872693,30.06471450872309,27.21323548629427,27.466590881347656,1798400,0.0,0.0,0.0
2025-02-03,25.45466024050088,26.920139701239773,25.136723792690464,26.244529724121094,2253000,0.0,0.0,0.0
2025-02-04,26.239560622539145,27.660332296704308,26.22962493100184,27.09897804260254,970000,0.0,0.0,0.0
2025-02-05,28.11239678787552,29.24007223239296,27.57091389857049,29.18045997619629,1423200,0.0,0.0,0.0
2025-02-06,29.68716635418498,30.05974626367296,29.036394658437867,30.04484367370605,1180600,0.0,0.0,0.0
2025-02-07,30.3627779296822,30.616133326878565,29.120844910200308,29.69213485717773,1300400,0.0,0.0,0.0
2025-02-10,30.0249697230412,31.728901848337685,30.0249697230412,31.33645248413086,1315600,0.0,0.0,0.0
2025-02-11,30.760194319137,31.59974220406481,30.571421875636872,31.13774299621582,644800,0.0,0.0,0.0
2025-02-12,29.9355512193374,30.88935671756993,29.73187428979889,30.76516342163086,883000,0.0,0.0,0.0
2025-02-13,30.82477865462113,32.23561470875481,30.7900046799978,31.99716567993164,1102000,0.0,0.0,0.0
2025-02-14,32.23561042511896,32.89135085236294,31.952449872219944,32.79696273803711,1381600,0.0,0.0,0.0
2025-02-18,33.507353870166824,34.22767734969964,32.77213158977088,33.234130859375,1145200,0.0,0.0,0.0
2025-02-19,33.27386865785872,33.94451168062538,32.53367390428684,33.5123176574707,720200,0.0,0.0,0.0
2025-02-20,33.81038217492728,33.97431823761636,32.652903520073174,33.711029052734375,689600,0.0,0.0,0.0
2025-02-21,33.686189961443766,34.028964687176305,31.122842183586496,31.20232582092285,1169600,0.0,0.0,0.0
2025-02-24,31.853098213742328,32.29522604833843,29.210263107262627,29.245037078857425,1382200,0.0,0.0,0.0
2025-02-25,29.1357474618448,29.1357474618448,27.18342873315643,27.819297790527344,1602400,0.0,0.0,0.0
2025-02-26,28.88239487568868,30.19884467436617,28.52968634224539,29.54310417175293,1586400,0.0,0.0,0.0
2025-02-27,30.631037251812995,30.645939842283727,25.17149862638868,25.191370010375977,3228000,0.0,0.0,0.0
2025-02-28,24.620081499923405,26.592269897460938,24.06369412831513,26.592269897460938,2180600,0.0,0.0,0.0
2025-03-03,26.6717553695682,26.6717553695682,22.454151497290027,23.104923248291016,2791800,0.0,0.0,0.0
2025-03-04,22.369695878751948,24.848594901798,21.67918145590053,23.571887969970703,2318600,0.0,0.0,0.0
2025-03-05,24.108405007128365,24.540599095310817,23.015505382632693,24.26240539550781,1259200,0.0,0.0,0.0
2025-03-06,22.464084804410646,23.3582761891444,21.5301506538917,21.733827590942383,2364800,0.0,0.0,0.0
2025-03-07,22.08653615823231,23.19434017390188,21.16253769712548,23.060211181640625,1344600,0.0,0.0,0.0
2025-03-10,21.88285893273025,22.478987147699204,20.1391858463614,20.775054931640625,2742400,0.0,0.0,0.0
2025-03-11,20.88434454659773,22.32498560429792,20.07460374791788,21.17247200012207,1933000,0.0,0.0,0.0
2025-03-12,22.74227488889237,23.58182275062673,22.285244486678955,22.995630264282227,1588400,0.0,0.0,0.0
2025-03-13,23.24898530233913,23.790468164308827,22.493889813488945,22.886341094970703,1114000,0.0,0.0,0.0
2025-03-14,23.855047323416613,24.77904570239511,23.84511163283156,24.699562072753903,1115800,0.0,0.0,0.0
2025-03-17,24.62504810857375,25.12182132342501,23.894790876329782,24.49091911315918,987200,0.0,0.0,0.0
2025-03-18,23.815305770568195,24.11833771616492,22.94098580011146,23.209243774414062,953600,0.0,0.0,0.0
2025-03-19,23.55698256405988,24.918141869363424,23.070145089984088,23.964338302612305,1012600,0.0,0.0,0.0
2025-03-20,23.388081019684908,24.466077855156225,23.388081019684908,23.919628143310547,582000,0.0,0.0,0.0
2025-03-21,23.22414636201292,23.696081266024247,22.79692112038243,23.571887969970703,836800,0.0,0.0,0.0
2025-03-24,24.47601568312825,25.196337198949585,24.461113093606773,24.75917625427246,917200,0.0,0.0,0.0
2025-03-25,24.57537233646189,24.704532542664985,24.11337308017012,24.46608161926269,551800,0.0,0.0,0.0
2025-03-26,23.93399329510357,23.96880260716261,21.78575225134285,22.1984920501709,1302600,0.025,0.0,0.0
2025-03-27,21.46749061543041,22.01946950578361,21.024913493461465,21.22382545471192,1094000,0.0,0.0,0.0
2025-03-28,21.08956383267703,21.487385927390168,20.085061857923,20.30386543273925,1341600,0.0,0.0,0.0
2025-03-31,18.99602221541551,20.114897847118407,18.39928816578092,20.07014274597168,1626200,0.0,0.0,0.0
2025-04-01,19.911015086360628,20.353592280889856,19.16509795482633,20.33867454528809,870600,0.0,0.0,0.0
2025-04-02,19.523135700927256,21.129345495828808,19.368980717174683,20.602230072021484,1214400,0.0,0.0,0.0
2025-04-03,18.20037599139742,18.62803542073584,16.95718085818816,17.001935958862305,2408600,0.0,0.0,0.0
2025-04-04,15.863169882481492,16.151591118581788,13.75471102745819,14.515546798706056,3986800,0.0,0.0,0.0
2025-04-07,13.043603376695923,16.912426103319387,12.496597317202792,15.490211486816406,4070200,0.0,0.0,0.0
2025-04-08,17.29035868583436,17.82741801390348,14.341499585066,15.032715797424316,3456400,0.0,0.0,0.0
2025-04-09,15.58469418832282,20.8011417760041,15.261463644991622,20.507747650146484,4908800,0.0,0.0,0.0
2025-04-10,18.543497951582943,18.80208275143871,16.265963693410143,17.762771606445312,2454400,0.0,0.0,0.0
2025-04-11,17.752827299363165,18.91645804730705,17.50916021285572,18.78716468811035,1329600,0.0,0.0,0.0
2025-04-14,19.881173533032616,19.91101089492049,18.23518272636804,18.75732612609864,1648800,0.0,0.0,0.0
2025-04-15,18.88164854024531,19.498272272182017,18.75732902527812,19.0606689453125,898800,0.0,0.0,0.0
2025-04-16,16.783132898666146,17.618560110268067,15.788576875041484,17.061609268188477,2771200,0.0,0.0,0.0
2025-04-17,17.161062398192552,17.161062398192552,15.982514106918186,16.300771713256836,1712000,0.0,0.0,0.0
2025-04-21,15.569775582303372,15.68415025540222,14.585165264464928,15.211735725402832,1945600,0.0,0.0,0.0
2025-04-22,15.659286453331957,16.06208142813126,15.36091941891361,15.833333969116213,1314800,0.0,0.0,0.0
2025-04-23,17.519108092475232,17.73293783769395,16.877618856819087,17.006912231445312,2395000,0.0,0.0,0.0
2025-04-24,17.593698884843583,18.702628768251724,17.404732684546786,18.662845611572266,2125000,0.0,0.0,0.0
2025-04-25,18.59322409929068,19.99057596090582,18.374422462400428,19.71707344055176,2027800,0.0,0.0,0.0
2025-04-28,19.373951387894348,19.518162470335334,18.38934112658076,19.249631881713867,1120400,0.0,0.0,0.0
2025-04-29,18.906512838809565,19.53308238526209,18.84684000032964,19.16012382507324,940600,0.0,0.0,0.0
2025-04-30,17.852282364654044,19.29438754004088,17.678233912768707,19.19990539550781,1152600,0.0,0.0,0.0
2025-05-01,20.29391898439199,20.74644195811766,19.736966172910147,19.801612854003903,1672600,0.0,0.0,0.0
2025-05-02,20.746441432735995,21.25366528554492,20.62709386273644,20.93540573120117,1469000,0.0,0.0,0.0
2025-05-05,20.38342853083354,21.00502610634491,20.36353695314552,20.67682266235352,896200,0.0,0.0,0.0
2025-05-06,19.85631295106949,20.845895221366792,19.662374812517022,20.418237686157227,871000,0.0,0.0,0.0
2025-05-07,20.32375208664943,21.68629469211836,20.0701411318578,21.467491149902344,1369200,0.0,0.0,0.0
2025-05-08,22.08411913419045,22.337730116619507,21.29344692266649,21.8205623626709,1338400,0.0,0.0,0.0
2025-05-09,22.06422755600946,22.288003068132337,21.442629965093307,21.8205623626709,978600,0.0,0.0,0.0
2025-05-12,24.16274169061978,24.500890932684147,23.60081693587086,24.46608161926269,2195600,0.0,0.0,0.0
2025-05-13,25.01308580588562,27.116571752479,24.928549447015467,26.67896842956543,2402600,0.0,0.0,0.0
2025-05-14,27.484559981175057,28.096211797991053,27.0171192642576,27.96194648742676,2302800,0.0,0.0,0.0
2025-05-15,27.48455955789489,28.3249588255598,26.967389902270952,27.84757232666016,1523000,0.0,0.0,0.0
2025-05-16,28.17577675173668,28.17577675173668,27.061872985658944,27.72822570800781,1267400,0.0,0.0,0.0
2025-05-19,26.475086579497773,27.842601339044933,26.475086579497773,27.72822570800781,1298800,0.0,0.0,0.0
2025-05-20,27.176247426355506,27.51439666748047,26.862961709467456,27.51439666748047,1106200,0.0,0.0,0.0
2025-05-21,26.942527246338685,28.52884368103386,26.14190921262348,26.514867782592773,1600600,0.0,0.0,0.0
2025-05-22,26.539729521415072,27.17127288502164,26.34081943566644,26.58945846557617,894000,0.0,0.0,0.0
2025-05-23,25.38107189556173,26.365682197937165,25.24183275289653,25.957914352416992,1272000,0.0,0.0,0.0
2025-05-27,26.99722424532268,27.713303913449938,26.67399277252792,27.57903861999512,1470400,0.0,0.0,0.0
2025-05-28,27.82270729382445,28.27025640091768,27.3453208208056,27.53925895690918,1785200,0.0,0.0,0.0
2025-05-29,29.78198080736049,29.86651905858197,28.220528102223263,28.57359504699707,2391800,0.0,0.0,0.0
2025-05-30,28.429384304989902,28.508950611549352,26.37562738953576,27.310508728027344,2099400,0.0,0.0,0.0
2025-06-02,27.444774493927515,28.60343324397118,27.43482870543761,28.379657745361328,1344800,0.0,0.0,0.0
2025-06-03,28.70786144302049,30.08034991587032,28.518895253896066,29.96100234985352,1458400,0.0,0.0,0.0
2025-06-04,30.33396057738528,30.746702262997907,29.59301545976479,30.39860725402832,1196600,0.0,0.0,0.0
2025-06-05,30.831240203055952,31.38321916181866,29.548261877611253,29.936140060424805,1979200,0.0,0.0,0.0
2025-06-06,30.333962135264727,30.726812264091464,29.90133074743664,29.936140060424805,951000,0.0,0.0,0.0
2025-06-09,30.368771233178503,31.308626471133337,30.229533982211944,30.448335647583008,1258200,0.0,0.0,0.0
2025-06-10,30.478172958826296,31.37327309348771,30.274289028725832,31.2191162109375,1108600,0.0,0.0,0.0
2025-06-11,31.46278210134064,31.786011692067923,30.74172855746409,31.18927955627441,940400,0.0,0.0,0.0
2025-06-12,30.736758837463903,32.00481756329845,30.731784994358502,31.83574104309082,780000,0.0,0.0,0.0
2025-06-13,30.607462278258524,31.18430471550544,30.075374939460296,30.35385131835937,1590800,0.0,0.0,0.0
2025-06-16,30.96053169396792,32.218646496551926,30.96053169396792,31.73628616333008,1078400,0.0,0.0,0.0
2025-06-17,31.512510982489985,32.054544158413854,31.29868125915528,31.29868125915528,736600,0.0,0.0,0.0
2025-06-18,31.45780869942832,32.19875383073858,31.14452489283609,31.78104019165039,1098000,0.0,0.0,0.0
2025-06-20,32.10426876206431,32.24847984765,30.508006723170027,31.23900604248047,945000,0.0,0.0,0.0
2025-06-23,30.905832826311727,31.7512040282052,30.43341828015842,31.572185516357425,1015200,0.0,0.0,0.0
2025-06-24,32.47722688001102,33.65080333269099,32.41258210201595,33.620967864990234,1417800,0.0,0.0,0.0
2025-06-25,34.18423151484595,35.39049829034885,34.15930710755373,35.36557388305664,1507600,0.08,0.0,0.0
2025-06-26,36.02851818444588,36.37744081976008,35.365568599985934,36.01356506347656,1714000,0.0,0.0,0.0
2025-06-27,36.20298205464348,37.050362442147176,35.72446311010363,36.61171722412109,1184200,0.0,0.0,0.0
2025-06-30,37.12014378900671,37.12014378900671,36.24784285485952,36.885868072509766,927800,0.0,0.0,0.0
2025-07-01,36.25283072858574,36.48212081761338,34.323798032100584,35.10139083862305,1709000,0.0,0.0,0.0
2025-07-02,34.892035863970726,36.81109707590309,34.83720521766436,36.60673141479492,924600,0.0,0.0,0.0
2025-07-03,36.975593399523866,38.007400716025295,36.9307302277122,37.434173583984375,924600,0.0,0.0,0.0
2025-07-07,36.99552990337843,37.39927941035445,36.56187034937914,36.78617858886719,1091800,0.0,0.0,0.0
2025-07-08,37.339468025800976,37.7980481957884,37.06032912860522,37.5139274597168,818600,0.0,0.0,0.0
2025-07-09,37.91268855007459,39.27347964045489,37.91268855007459,38.58560943603516,994800,0.0,0.0,0.0
2025-07-10,39.3033859204032,39.308371561847736,38.17687053853728,39.04917144775391,890000,0.0,0.0,0.0
2025-07-11,38.73015979642816,39.891567090984815,38.71520667465855,39.1937255859375,987800,0.0,0.0,0.0
2025-07-14,39.07907989716374,39.21366178722754,37.69835009904946,38.77003479003906,685000,0.0,0.0,0.0
2025-07-15,41.22244735463112,41.74582942380312,40.70903656839527,40.90343475341797,1492200,0.0,0.0,0.0
2025-07-16,40.838640353018455,41.162638625268,39.652312371675,41.13272857666016,1196200,0.0,0.0,0.0
2025-07-17,41.23740942618939,42.27918425016694,40.778825427142216,41.87044906616211,809600,0.0,0.0,0.0
2025-07-18,42.22933381808389,42.32902382951243,41.08786531345538,41.476661682128906,1112000,0.0,0.0,0.0
2025-07-21,41.6959867504515,42.35395075262744,41.39192725370281,41.55143356323242,831200,0.0,0.0,0.0
2025-07-22,41.37198814340485,41.41186567118612,38.53576267904577,39.45791244506836,1239200,0.0,0.0,0.0
2025-07-23,39.861658041883686,40.49469757080078,39.2086797510337,40.49469757080078,703600,0.0,0.0,0.0
2025-07-24,41.27727635462836,41.65111958827978,40.5046692868401,41.54644393920898,837400,0.0,0.0,0.0
2025-07-25,41.27727603230546,41.87044184200479,41.06293909456847,41.53647613525391,940600,0.0,0.0,0.0
2025-07-28,41.9352432488452,43.051791190141714,41.9352432488452,42.9072380065918,1084000,0.0,0.0,0.0
2025-07-29,43.61504833809196,44.4075942482004,42.57327358033728,42.94711685180664,1015000,0.0,0.0,0.0
2025-07-30,43.28606107778007,44.63189903248383,43.151479183774754,44.3477783203125,968600,0.0,0.0,0.0
2025-07-31,44.93097345059568,45.14531039786018,41.75579676738209,42.74773025512695,1505600,0.0,0.0,0.0
2025-08-01,40.77384112387206,42.139614148432926,39.50775811750992,40.983192443847656,1840400,0.0,0.0,0.0
2025-08-04,41.69100259925919,43.49043523828096,41.51155751925648,43.45055770874024,961200,0.0,0.0,0.0
2025-08-05,43.46052773375845,43.789507835614174,41.70595451409324,42.71782302856445,1002000,0.0,0.0,0.0
2025-08-06,41.84053769297799,43.32593940773308,41.72090511505112,43.10163497924805,928000,0.0,0.0,0.0
2025-08-07,44.45744354794424,45.3746038919406,43.09166670974509,44.00384521484375,1072200,0.0,0.0,0.0
2025-08-08,44.16833476599584,45.0605744581736,43.83935087598304,44.856204986572266,760600,0.0,0.0,0.0
2025-08-11,44.776456644564085,45.573988213611486,44.24310705123891,44.59701156616211,1248200,0.0,0.0,0.0
2025-08-12,45.13534634241166,46.09238421553695,44.023783995998414,45.972755432128906,935200,0.0,0.0,0.0
2025-08-13,46.261855720038994,46.76529903791784,44.771468332736205,45.78832244873047,860400,0.0,0.0,0.0
2025-08-14,44.86119111757993,46.29674786428758,44.82131359054992,46.02758026123047,782200,0.0,0.0,0.0
2025-08-15,45.70856739051957,45.70856739051957,43.749628570758425,44.63190078735352,857800,0.0,0.0,0.0
2025-08-18,44.35276754967124,45.18020534911745,44.35276754967124,45.03565216064453,806600,0.0,0.0,0.0
2025-08-19,44.93097545662928,44.9708529841636,42.24428883662303,42.45862579345703,1062200,0.0,0.0,0.0
2025-08-20,42.23432116053316,42.23432116053316,39.23360377875943,41.99007415771485,1332200,0.0,0.0,0.0
2025-08-21,41.60626118850713,42.37388643572084,41.08287912811093,41.69099807739258,669600,0.0,0.0,0.0
2025-08-22,41.1676159893043,43.78451868366478,40.73396026239984,43.19135665893555,1201800,0.0,0.0,0.0
2025-08-25,43.2611414547716,44.512271266060935,42.65302249144538,43.68482971191406,797600,0.0,0.0,0.0
2025-08-26,43.81443050254568,44.9010683888776,43.63498543486296,44.63190078735352,718200,0.0,0.0,0.0
2025-08-27,44.56710560881076,45.00574702388949,43.590125152115895,44.72162628173828,992200,0.0,0.0,0.0
2025-08-28,44.681741605686696,46.04253260755779,43.43061189077817,44.851219177246094,1247000,0.0,0.0,0.0
2025-08-29,43.86926398955431,43.92409464172332,41.43180609924327,42.05487823486328,1273200,0.0,0.0,0.0
2025-09-02,39.82178417137716,40.94331396321752,39.318340844441664,40.83863830566406,1247000,0.0,0.0,0.0
2025-09-03,41.08786813595172,41.4966032955747,40.026154609876656,40.86854553222656,761600,0.0,0.0,0.0
2025-09-04,40.79377754888581,41.57137416987244,40.31525859908742,41.49161911010742,572400,0.0,0.0,0.0
2025-09-05,43.2162779476017,43.2162779476017,40.6392527374265,41.82558441162109,1053200,0.0,0.0,0.0
2025-09-08,42.48354993351904,43.78452098555881,42.48354993351904,42.79757690429688,1036600,0.0,0.0,0.0
2025-09-09,43.20132465470928,43.25116966032541,42.04988867237703,43.0916633605957,637800,0.0,0.0,0.0
2025-09-10,45.733492830907295,47.61766228130307,45.519155873152044,46.745361328125,1727000,0.0,0.0,0.0
2025-09-11,47.871877473343865,48.03636942536003,46.56591694368376,46.65065383911133,757600,0.0,0.0,0.0
2025-09-12,47.07434185966462,47.20892375238064,46.441298512147206,46.87495803833008,672400,0.0,0.0,0.0
2025-09-15,46.28678019064747,47.32855491017528,45.75841626996295,47.29366302490234,629400,0.0,0.0,0.0
2025-09-16,47.20892623265348,47.30862005002353,46.07244333514691,46.37151718139648,545400,0.0,0.0,0.0
2025-09-17,45.628819072176896,45.76838662202603,43.315975609998524,44.48735046386719,1150200,0.0,0.0,0.0
2025-09-18,46.03755280806824,47.25379079535411,45.65373825499768,46.76031494140625,1293000,0.0,0.0,0.0
2025-09-19,46.74037088692458,47.01452410808716,46.02757631483185,46.715450286865234,657000,0.0,0.0,0.0
2025-09-22,46.38148874668883,49.22768164936676,46.20702551596274,48.80897521972656,1268800,0.0,0.0,0.0
2025-09-23,48.39525283132173,48.5746978948148,46.78523670428088,47.373416900634766,796800,0.0,0.0,0.0
2025-09-24,47.60829401900282,47.74792179777399,46.02750211644525,46.97996520996094,567800,0.0205,0.0,0.0
2025-09-25,45.58867030904503,47.74792462831024,44.636207159066544,46.92511367797852,813000,0.0,0.0,0.0
2025-09-26,47.22930201636928,47.47863842473649,45.76819051115453,47.07471466064453,552200,0.0,0.0,0.0
2025-09-29,47.96733887810725,49.25391183822303,47.52352038095543,47.70802688598633,936200,0.0,0.0,0.0
2025-09-30,47.91248646621178,49.51322579552389,47.74792351905411,49.37858200073242,1027000,0.0,0.0,0.0
2025-10-01,48.8549735275833,50.66515437387545,48.371260315694926,50.49061965942383,779400,0.0,0.0,0.0
2025-10-02,52.39056726749254,52.51523547728922,51.2635693902223,51.82706832885742,772800,0.0,0.0,0.0
2025-10-03,52.10133931358536,52.66982603936045,50.29115449321098,51.14887237548828,633600,0.0,0.0,0.0
2025-10-06,52.07640405194814,52.774546778386494,51.11396533300718,51.51290512084961,724000,0.0,0.0,0.0
2025-10-07,52.14122798590369,52.79449195648992,50.12160538079629,50.80977249145508,844000,0.0,0.0,0.0
2025-10-08,50.934441029385454,53.62228719837903,50.934441029385454,53.53751373291016,874600,0.0,0.0,0.0
2025-10-09,54.35034712589788,55.27787883347116,53.84170254653747,54.375282287597656,1027400,0.0,0.0,0.0
2025-10-10,54.71936864035783,55.40753574253889,48.37624994348343,48.45603561401367,2351800,0.0,0.0,0.0
2025-10-13,52.19110024754775,53.29316674600764,51.54781183988557,52.71969223022461,1060000,0.0,0.0,0.0
2025-10-14,50.779854763376456,51.20372590438431,48.72532135147245,49.16913986206055,1177800,0.0,0.0,0.0
2025-10-15,51.83703654136003,51.83703654136003,48.94972434935548,50.49560928344727,1007600,0.0,0.0,0.0
2025-10-16,51.67746098767349,52.56011397582744,50.26621985259944,51.35831069946289,1052000,0.0,0.0,0.0
2025-10-17,50.29115176166695,51.77221060532221,49.55810212756917,51.44308853149414,737000,0.0,0.0,0.0
2025-10-20,51.85698279259745,52.86928795587766,51.762237548828125,51.762237548828125,528200,0.0,0.0,0.0
2025-10-21,51.7572521566044,51.76223995005674,50.17147244563766,50.89454650878906,561000,0.0,0.0,0.0
2025-10-22,50.74993089317005,51.46802096684544,47.8376834691695,49.82240295410156,925600,0.0,0.0,0.0
2025-10-23,49.50324781164709,51.5478093613102,49.50324781164709,51.2037239074707,607400,0.0,0.0,0.0
2025-10-24,52.684787027309866,54.12595125025016,52.56011881560519,53.68213272094727,1129000,0.0,0.0,0.0
2025-10-27,55.69178109591933,56.54949896130577,55.0833996423512,56.464725494384766,1050200,0.0,0.0,0.0
2025-10-28,56.89856601370379,60.77325582032682,56.6043508863747,59.96540451049805,1454600,0.0,0.0,0.0
2025-10-29,62.78789605833608,64.71775742039527,61.456436748786665,63.33144760131836,1652400,0.0,0.0,0.0
2025-10-30,62.13962215522629,62.47373204094196,60.21474471143095,60.44413375854492,1101200,0.0,0.0,0.0
2025-10-31,62.24433964299724,62.70810550587965,59.54652173440183,60.28954315185547,1273000,0.0,0.0,0.0
2025-11-03,62.38397128307896,63.1070491810402,61.26195739739563,61.48636245727539,1067000,0.0,0.0,0.0
2025-11-04,58.87829970216262,60.26959732643905,56.44477771033468,56.84870147705078,1803400,0.0,0.0,0.0
2025-11-05,56.938460272661366,59.95044443150186,56.59936261757147,57.36233139038086,1213400,0.0,0.0,0.0
2025-11-06,57.74132705369677,58.06546515192994,53.2283364507368,54.17581558227539,1247800,0.0,0.0,0.0
2025-11-07,52.4204870702016,53.35799058180625,49.11428391044049,53.33804321289063,1837400,0.0,0.0,0.0
2025-11-10,56.71406059305745,58.36965417701485,55.83140758509725,57.98068618774414,1400400,0.0,0.0,0.0
2025-11-11,56.44975939588628,56.7090713822521,54.355335159283776,54.9587287902832,903800,0.0,0.0,0.0
2025-11-12,56.76392948348322,56.76392948348322,54.84902382672337,56.04085159301758,684400,0.0,0.0,0.0
2025-11-13,54.57475438886704,54.5996857470101,50.46568763155306,51.96669387817383,1476000,0.0,0.0,0.0
2025-11-14,49.30378298209328,53.61729982260373,48.44606512471803,52.9141731262207,1344000,0.0,0.0,0.0
2025-11-17,51.34335502608931,53.41284806801521,50.20139376869336,51.233646392822266,1018400,0.0,0.0,0.0
2025-11-18,49.98197836123821,50.650198113023286,47.87757845469075,48.969669342041016,1499600,0.0,0.0,0.0
2025-11-19,50.03682972082031,52.49030292534359,49.468343001430846,51.54282379150391,1194400,0.0,0.0,0.0
2025-11-20,55.54217305083733,55.98100753361744,47.363942475389386,47.76287841796875,1864200,0.0,2.0,0.0
2025-11-21,47.87259152434968,49.53815694493991,44.132545311509865,47.2442626953125,1690600,0.0,0.0,0.0
2025-11-24,48.07206018430123,51.78218334522153,47.872590297148776,51.38324737548828,869700,0.0,0.0,0.0
2025-11-25,48.99959132531726,50.74494615851623,46.53614642899638,50.4656867980957,1170500,0.0,0.0,0.0
2025-11-26,51.86197342080006,53.02886599657365,51.034174711158265,52.54016876220703,742000,0.0,0.0,0.0
2025-11-28,52.43045743609797,52.759583307457845,51.83205160308012,52.47035217285156,332500,0.0,0.0,0.0
2025-12-01,51.054119921616895,53.1186250103536,50.51555618880367,52.44043350219727,615200,0.0,0.0,0.0
2025-12-02,53.36796013856859,55.11331489790357,52.30080067579806,53.23830795288086,742000,0.0,0.0,0.0
2025-12-03,53.18844238338051,53.53751181964332,51.802128811120255,53.178466796875,614900,0.0,0.0,0.0
2025-12-04,53.717034027553225,54.664513097934304,52.81942147570347,53.91650390625,404300,0.0,0.0,0.0
2025-12-05,54.614645327850766,55.352682772157735,53.83671694959688,54.47501754760742,526500,0.0,0.0,0.0
2025-12-08,55.49231160170416,57.17782819255452,55.10334740522231,56.32011032104492,742000,0.0,0.0,0.0
2025-12-09,56.01092879258341,56.59936284927859,55.15321096710518,56.50960159301758,656900,0.0,0.0,0.0
2025-12-10,56.26026770662667,57.28753250395851,55.123294279565854,57.068119049072266,807500,0.0,0.0,0.0
2025-12-11,55.013586651758125,55.67183463754844,52.61995553729964,55.57210159301758,896800,0.0,0.0,0.0
2025-12-12,53.77687309909893,54.076079823720335,49.39852650972137,49.558101654052734,1335500,0.0,0.0,0.0
2025-12-15,50.62526295022524,50.864627577542855,48.680441998270645,48.969669342041016,739700,0.0,0.0,0.0
2025-12-16,48.60065409791235,49.44840020112109,48.00224821705942,49.10930252075195,440300,0.0,0.0,0.0
2025-12-17,49.10930123473857,49.11927301717721,45.09997128521428,45.36925506591797,1077200,0.0,0.0,0.0
2025-12-18,47.87258878667704,47.9922691933637,46.55609289940915,47.17444610595703,687800,0.0,0.0,0.0
2025-12-19,48.47099525587497,50.6252616271456,48.32139569671142,50.485633850097656,805000,0.0,0.0,0.0
2025-12-22,52.46037625151549,52.49029920617542,51.13390860178338,51.77220916748047,664300,0.0,0.0,0.0
2025-12-23,51.34335469889606,53.87661361694336,51.34335469889606,53.87661361694336,866300,0.0,0.0,0.0
2025-12-24,53.54799365714791,53.93754196166992,53.23835084085052,53.93754196166992,314200,0.081,0.0,0.0
2025-12-26,54.44695047468657,55.285979058707184,54.15728879292386,54.56681442260742,510700,0.0,0.0,0.0
2025-12-29,53.328247288294335,53.93754235790893,52.319417154051486,53.65786743164063,599800,0.0,0.0,0.0
2025-12-30,53.83766006510692,54.12732175142172,53.33823837177675,53.388179779052734,387300,0.0,0.0,0.0
2025-12-31,54.0274389053054,54.29712707678034,52.44926452636719,52.44926452636719,479500,0.0,0.0,0.0
2026-01-02,54.52686025803114,56.57448842465191,54.14729870681104,54.60676574707031,1050600,0.0,0.0,0.0
2026-01-05,56.6643847351276,57.2636930518895,53.87761077841187,54.62674331665039,826300,0.0,0.0,0.0
2026-01-06,55.78539941342463,57.18378162352885,55.29596830708764,55.70549392700195,713300,0.0,0.0,0.0
2026-01-07,55.55566809203295,56.99400500722159,54.62674343773533,55.88528823852539,481100,0.0,0.0,0.0
2026-01-08,55.825353561314536,55.825353561314536,52.83881411391163,53.488059997558594,656200,0.0,0.0,0.0
2026-01-09,53.99747323303922,55.75543586424509,53.288291553990106,55.126163482666016,483300,0.0,0.0,0.0
2026-01-12,54.23719263097514,56.44463549916975,54.167273901957934,55.67552947998047,595700,0.0,0.0,0.0
2026-01-13,56.08505542641607,57.63326185133268,55.485747132384326,56.32477569580078,609300,0.0,0.0,0.0
2026-01-14,55.30595774372908,55.30595774372908,53.238352219800575,54.67668914794922,673800,0.0,0.0,0.0
2026-01-15,57.383552882735856,58.30248696243302,56.31479077208213,56.474605560302734,1003700,0.0,0.0,0.0
2026-01-16,58.02281330406675,59.01166994737032,57.03395666076319,57.513404846191406,682600,0.0,0.0,0.0
2026-01-20,55.106188065504384,55.79539244403911,53.2483425584466,53.40815734863281,964400,0.0,0.0,0.0
2026-01-21,54.32708888668243,57.3635735678145,53.91756326793195,56.314788818359375,1051000,0.0,0.0,0.0
2026-01-22,57.71317070957277,57.93291747791821,56.21490560238524,56.59446716308594,633600,0.0,0.0,0.0
2026-01-23,56.6943498592992,57.30364494457649,55.79539308306295,56.58448028564453,748300,0.0,0.0,0.0
2026-01-26,56.15497429843742,57.143827080159056,55.78539951591298,56.025123596191406,514800,0.0,0.0,0.0
2026-01-27,57.1338432154553,58.86184183941651,56.61444419046291,58.13268661499024,775300,0.0,0.0,0.0
2026-01-28,60.11039350367624,60.73966588520007,59.28135168877983,60.42003631591797,774100,0.0,0.0,0.0
2026-01-29,60.48995429215975,61.60865777070453,56.6344183741759,60.66974639892578,874600,0.0,0.0,0.0
2026-01-30,59.74082530852769,61.2091225200272,57.39354102517317,58.46230316162109,765500,0.0,0.0,0.0
2026-02-02,56.55451129492317,59.44116806298174,56.434651155808375,57.74313735961914,762300,0.0,0.0,0.0
2026-02-03,58.532219359291005,58.57217400815082,52.11964681840768,54.51687240600586,1371600,0.0,0.0,0.0
2026-02-04,53.5380038469797,53.64787722884211,47.75470355065772,49.942169189453125,1410300,0.0,0.0,0.0
2026-02-05,49.91220492257703,51.94984252215165,48.42392660971186,49.30290985107422,1138100,0.0,0.0,0.0
2026-02-06,51.360525360033535,56.35474231734299,50.801175499397374,55.59562301635742,1585600,0.0,0.0,0.0
2026-02-09,54.85647755612787,59.40121806251415,54.82651347349721,58.12269592285156,1039000,0.0,0.0,0.0
2026-02-10,58.64209355129638,58.75196693204119,56.74429342757213,57.07390975952149,837300,0.0,0.0,0.0
2026-02-11,59.56103229047205,60.10040482414956,56.92408635592376,58.7020263671875,925200,0.0,0.0,0.0
2026-02-12,60.05046261523845,60.46997881392685,56.144985172888006,56.454627990722656,1066800,0.0,0.0,0.0
2026-02-13,56.63442009121832,56.94405909870358,54.406999823513736,55.20607376098633,706000,0.0,0.0,0.0
2026-02-17,54.06739178338478,57.173795221929886,52.60907759168609,56.04510116577149,692400,0.0,0.0,0.0
2026-02-18,57.16380420284579,58.63210513994788,56.43464901790179,57.253700256347656,816400,0.0,0.0,0.0
2026-02-19,56.73430407503093,57.4834366212953,55.88528871337872,57.17379760742188,358300,0.0,0.0,0.0
2026-02-20,56.43465124460648,58.712012942796704,56.344755187557645,58.062767028808594,734300,0.0,0.0,0.0
2026-02-23,58.42235223587244,59.56103310404619,57.16380741610183,58.14267349243164,607700,0.0,0.0,0.0
2026-02-24,58.12269401816111,59.6009817406313,56.21490334406212,58.90179443359375,772800,0.0,0.0,0.0
2026-02-25,60.19029920913415,61.57869468045175,60.08042964015156,60.74965286254883,663600,0.0,0.0,0.0
2026-02-26,59.8407056936463,59.93060174868072,54.01745087174771,55.7754135131836,1097100,0.0,0.0,0.0
2026-02-27,53.05855993832359,54.55682502694944,52.489219509468576,52.78887176513672,928700,0.0,0.0,0.0
2026-03-02,50.61139066076732,54.35705321921197,50.5514624984146,54.15728759765625,859800,0.0,0.0,0.0
2026-03-03,51.19072463575397,52.01976649293821,49.84228755970673,51.29060745239258,998800,0.0,0.0,0.0
2026-03-04,52.13962375115506,54.05740115859887,51.77005277769068,53.23834991455078,571800,0.0,0.0,0.0
2026-03-05,53.03858094864307,54.307112474434746,51.04089422650533,53.58794784545898,772700,0.0,0.0,0.0
2026-03-06,51.34055191638012,53.587949550282815,49.76237752674712,50.29176330566406,863300,0.0,0.0,0.0
2026-03-09,49.30291014377074,54.07738030967232,48.903371265247245,53.69781875610352,1278200,0.0,0.0,0.0
2026-03-10,53.77772880384692,56.10503194430108,53.77772880384692,54.69666290283203,792200,0.0,0.0,0.0
2026-03-11,55.24602679911895,56.40468492723192,54.68667315405976,55.3858642578125,532300,0.0,0.0,0.0
2026-03-12,54.10734183514154,54.33707915612175,52.18956445353687,52.868778228759766,899900,0.0,0.0,0.0
2026-03-13,53.92755373736575,54.62674102887825,51.38050016579747,51.64020156860352,745600,0.0,0.0,0.0
2026-03-16,53.3682000041172,55.44579217164666,52.90873298181457,53.18840789794922,831700,0.0,0.0,0.0
2026-03-17,54.21721544255637,54.21721544255637,52.4392755111827,53.19839477539063,596100,0.0,0.0,0.0
2026-03-18,53.25832730185124,53.847645032806106,52.26947451568197,52.30942535400391,657600,0.0,0.0,0.0
2026-03-19,50.24181921384427,52.97865164054797,49.302907846434586,52.24949645996094,741700,0.0,0.0,0.0
2026-03-20,52.17957997977558,52.20954406196017,48.42392672771154,49.312896728515625,735200,0.0,0.0,0.0
2026-03-23,51.47039927877125,52.61907071502917,50.221845026441,50.641361236572266,953000,0.0,0.0,0.0
2026-03-24,50.0520434388035,51.44043515668789,49.63252722899289,50.95100021362305,565000,0.0,0.0,0.0
2026-03-25,51.88999938964844,53.25,51.54999923706055,52.15999984741211,645200,0.059,0.0,0.0
2026-03-26,50.58000183105469,50.58000183105469,47.459999084472656,47.47999954223633,781300,0.0,0.0,0.0
2026-03-27,46.93999862670898,47.470001220703125,45.34999847412109,45.709999084472656,926900,0.0,0.0,0.0
2026-03-30,46.2400016784668,46.77000045776367,42.560001373291016,43.18999862670898,1132000,0.0,0.0,0.0
2026-03-31,44.470001220703125,48.06999969482422,44.40999984741211,47.95000076293945,1164500,0.0,0.0,0.0
2026-04-01,49.13999938964844,50.77999877929688,48.68000030517578,49.880001068115234,1019500,0.0,0.0,0.0
2026-04-02,46.88999938964844,50.4900016784668,46.61000061035156,50.41999816894531,936800,0.0,0.0,0.0
2026-04-06,50.72999954223633,51.18999862670898,50.06999969482422,51.0,667000,0.0,0.0,0.0
2026-04-07,51.040000915527344,52.56999969482422,49.72999954223633,52.52000045776367,637000,0.0,0.0,0.0
2026-04-08,57.47999954223633,58.040000915527344,55.34000015258789,57.0,1419900,0.0,0.0,0.0
2026-04-09,57.22999954223633,59.09000015258789,56.900001525878906,58.9900016784668,1143900,0.0,0.0,0.0
2026-04-10,59.84000015258789,63.0099983215332,59.63999938964844,61.88999938964844,995300,0.0,0.0,0.0
2026-04-13,60.900001525878906,63.31999969482422,60.75,63.22999954223633,882600,0.0,0.0,0.0
2026-04-14,64.25,66.56999969482422,63.45000076293945,66.56999969482422,860000,0.0,0.0,0.0
2026-04-15,66.93000030517578,68.25,65.58999633789062,68.12999725341797,852000,0.0,0.0,0.0
2026-04-16,67.5,69.36000061035156,66.4800033569336,68.8499984741211,825800,0.0,0.0,0.0
2026-04-17,70.25,71.27999877929688,69.66999816894531,71.20999908447266,1194600,0.0,0.0,0.0
2026-04-20,70.94999694824219,71.19999694824219,68.70999908447266,70.80999755859375,653100,0.0,0.0,0.0
2026-04-21,71.19000244140625,71.4000015258789,69.75,70.44999694824219,707400,0.0,0.0,0.0
2026-04-22,72.04000091552734,74.16999816894531,70.88999938964844,74.08000183105469,749600,0.0,0.0,0.0
2026-04-23,74.62000274658203,76.3499984741211,72.23999786376953,74.0199966430664,1025500,0.0,0.0,0.0
2026-04-24,77.30999755859375,81.37999725341797,76.08000183105469,80.25,1123600,0.0,0.0,0.0
2026-04-27,80.86000061035156,82.5199966430664,78.36000061035156,82.44999694824219,1301300,0.0,0.0,0.0
2026-04-28,76.52999877929688,79.08000183105469,75.02999877929688,78.0199966430664,1143000,0.0,0.0,0.0
